R_mean,G_mean,B_mean,R_std,G_std,B_std,HR,person,session,source,video_path
193.9684708333333,152.9036375,122.65415416666664,0.24726219762632548,0.18305792742098512,0.12383391627274218,67,p1,v1,source1,data-videos\VIPL\VIPL\p1-5\p1\v1\source1\video.avi
194.18014583333337,152.44789583333332,122.43359583333333,0.21244802673242202,0.1693791691778813,0.18937302923433563,67,p1,v1,source1,data-videos\VIPL\VIPL\p1-5\p1\v1\source1\video.avi
194.31027916666665,152.4124958333333,122.39557916666666,0.12992419571405367,0.24682673487410195,0.18850680865614006,66,p1,v1,source1,data-videos\VIPL\VIPL\p1-5\p1\v1\source1\video.avi
194.86458333333337,153.0457,122.51018333333333,0.17057504610630264,0.14856630382406358,0.15411677199358323,65,p1,v1,source1,data-videos\VIPL\VIPL\p1-5\p1\v1\source1\video.avi
195.09970833333335,153.6728916666667,122.720275,0.15954084780411426,0.16304935527914502,0.21789482020830805,65,p1,v1,source1,data-videos\VIPL\VIPL\p1-5\p1\v1\source1\video.avi
194.88895416666665,154.21530416666667,122.75650416666667,0.11940188208082933,0.23388637940722948,0.17444079821914735,65,p1,v1,source1,data-videos\VIPL\VIPL\p1-5\p1\v1\source1\video.avi
194.76836666666665,154.34168333333335,122.94441666666665,0.11156056728795911,0.20895494073350906,0.19197960187145377,64,p1,v1,source1,data-videos\VIPL\VIPL\p1-5\p1\v1\source1\video.avi
194.51585,154.19596666666666,123.02123333333331,0.10149661615186012,0.13919672991150295,0.17667667198476117,64,p1,v1,source1,data-videos\VIPL\VIPL\p1-5\p1\v1\source1\video.avi
193.7793625,153.61159583333333,122.72509583333333,0.5560861683828058,0.5780299807199534,0.3275457160628292,64,p1,v1,source1,data-videos\VIPL\VIPL\p1-5\p1\v1\source1\video.avi
194.56333333333333,154.07518333333334,122.93494999999999,0.5649666072973792,0.3385891598481348,0.2751473486556292,64,p1,v1,source1,data-videos\VIPL\VIPL\p1-5\p1\v1\source1\video.avi
194.56424166666667,153.70220833333335,122.71215833333332,0.29526194896556696,0.24873726412120203,0.24049053696155184,63,p1,v1,source1,data-videos\VIPL\VIPL\p1-5\p1\v1\source1\video.avi
195.09446666666668,154.08851666666666,122.65551666666666,0.09491085144609131,0.14561079830607343,0.24143269651073485,63,p1,v1,source1,data-videos\VIPL\VIPL\p1-5\p1\v1\source1\video.avi
195.09934583333336,153.96901250000002,122.65351249999999,0.1545242039877769,0.10588697016814012,0.281751972597355,63,p1,v1,source1,data-videos\VIPL\VIPL\p1-5\p1\v1\source1\video.avi
195.03705833333333,153.97739166666668,122.61297500000002,0.16483955077589765,0.283443692477989,0.172179135156771,63,p1,v1,source1,data-videos\VIPL\VIPL\p1-5\p1\v1\source1\video.avi
194.94930416666665,154.13628749999998,122.83215416666668,0.1076932561981318,0.2202929726964622,0.1480402321911927,63,p1,v1,source1,data-videos\VIPL\VIPL\p1-5\p1\v1\source1\video.avi
194.67732916666665,154.2149458333333,122.70224583333332,0.21563977582224522,0.19707714296126827,0.2224470717321814,63,p1,v1,source1,data-videos\VIPL\VIPL\p1-5\p1\v1\source1\video.avi
194.8962125,154.58209583333334,122.88539583333333,0.11899067307052837,0.16734127097707202,0.20144254074604404,62,p1,v1,source1,data-videos\VIPL\VIPL\p1-5\p1\v1\source1\video.avi
195.12557916666665,154.6921125,122.95184583333332,0.16726217849282746,0.19658317109997378,0.13703136844350725,62,p1,v1,source1,data-videos\VIPL\VIPL\p1-5\p1\v1\source1\video.avi
195.68704583333331,155.00579583333334,123.00607916666667,0.5913313859889016,0.4864142743074061,0.3059686787256365,62,p1,v1,source1,data-videos\VIPL\VIPL\p1-5\p1\v1\source1\video.avi
195.65378333333334,155.03045,122.91711666666669,0.38312431883209175,0.4590730930817743,0.22852642519824545,61,p1,v1,source1,data-videos\VIPL\VIPL\p1-5\p1\v1\source1\video.avi
196.04762083333335,155.3733875,123.05578750000001,0.23737371766958074,0.2899900712500526,0.17311367060804103,61,p1,v1,source1,data-videos\VIPL\VIPL\p1-5\p1\v1\source1\video.avi
196.15587916666667,155.62112916666666,123.1486291666667,0.12064106139471863,0.15312448321908212,0.18387070789612375,62,p1,v1,source1,data-videos\VIPL\VIPL\p1-5\p1\v1\source1\video.avi
196.18583333333328,155.78633333333332,123.31341666666667,0.12928725553759707,0.1521539219744989,0.21627795259290356,62,p1,v1,source1,data-videos\VIPL\VIPL\p1-5\p1\v1\source1\video.avi
195.792525,155.539875,123.138025,0.2603562101157451,0.2640984747026731,0.1777069057191581,62,p1,v1,source1,data-videos\VIPL\VIPL\p1-5\p1\v1\source1\video.avi
195.6245,155.3652833333333,123.30733333333333,0.11976230074842298,0.20451341626053562,0.1534163328350521,62,p1,v1,source1,data-videos\VIPL\VIPL\p1-5\p1\v1\source1\video.avi
195.61125,155.2299,123.18385,0.17606653177452977,0.3031804681208888,0.15817672210747952,62,p1,v1,source1,data-videos\VIPL\VIPL\p1-5\p1\v1\source1\video.avi
195.59832916666667,155.1591625,123.2520625,0.17581887647914676,0.24143153698017816,0.20777571834058045,62,p1,v1,source1,data-videos\VIPL\VIPL\p1-5\p1\v1\source1\video.avi
195.36207916666666,155.13094583333333,123.1741125,0.13427534896725143,0.17712946193313686,0.20975639417150824,62,p1,v1,source1,data-videos\VIPL\VIPL\p1-5\p1\v1\source1\video.avi
194.57536250000004,154.54149583333333,122.80722916666667,0.6440828064484405,0.6768169372603635,0.3582041785168677,62,p1,v1,source1,data-videos\VIPL\VIPL\p1-5\p1\v1\source1\video.avi
195.24353333333337,155.16271666666668,123.19636666666668,0.20834479118492394,0.20460249384137746,0.18092680552735452,62,p1,v1,source1,data-videos\VIPL\VIPL\p1-5\p1\v1\source1\video.avi
195.34107500000002,154.98287499999998,123.24904166666667,0.23685258747677526,0.4063241171705711,0.27874268799577767,62,p1,v1,source1,data-videos\VIPL\VIPL\p1-5\p1\v1\source1\video.avi
195.4523,154.6247,123.14053333333334,0.1156064208796837,0.3524809580652709,0.1868119954177045,62,p1,v1,source1,data-videos\VIPL\VIPL\p1-5\p1\v1\source1\video.avi
195.49809583333337,154.36092916666666,123.06336249999998,0.05700295831748134,0.1781153431105459,0.15742281100149094,62,p1,v1,source1,data-videos\VIPL\VIPL\p1-5\p1\v1\source1\video.avi
195.75331666666665,154.57765,123.04038333333334,0.13142975349656044,0.21549003642537798,0.14261775629185314,63,p1,v1,source1,data-videos\VIPL\VIPL\p1-5\p1\v1\source1\video.avi
195.84214166666663,154.917825,123.13020833333331,0.22304729832855275,0.24092796281023574,0.13467246145741885,63,p1,v1,source1,data-videos\VIPL\VIPL\p1-5\p1\v1\source1\video.avi
194.22735,153.90968333333333,122.35975000000002,0.4964091632525654,0.39033684758594606,0.3690791845179626,63,p1,v1,source1,data-videos\VIPL\VIPL\p1-5\p1\v1\source1\video.avi
150.07485,119.07286666666667,93.01133333333333,0.37273398001941394,0.330066088079342,0.19882741329549594,68,p1,v2,source1,data-videos\VIPL\VIPL\p1-5\p1\v2\source1\video.avi
150.6237041666667,119.47277083333333,93.1198875,0.28749135113802304,0.2171618879782499,0.1899570650502366,68,p1,v2,source1,data-videos\VIPL\VIPL\p1-5\p1\v2\source1\video.avi
150.05588749999998,119.1266375,92.67178750000001,1.661662453271153,1.2628548482065893,1.0239995675319185,68,p1,v2,source1,data-videos\VIPL\VIPL\p1-5\p1\v2\source1\video.avi
88.73474583333332,73.62492916666667,60.7141625,27.203606131540084,20.030298223655493,13.678151629498359,68,p1,v2,source1,data-videos\VIPL\VIPL\p1-5\p1\v2\source1\video.avi
148.23125416666664,117.11340416666665,90.14100416666666,9.367468471691003,7.163948670925329,4.843397827778037,68,p1,v2,source1,data-videos\VIPL\VIPL\p1-5\p1\v2\source1\video.avi
151.95849166666667,120.87984166666666,94.14064166666665,3.818648244929997,2.487598611620197,1.3255833073620618,68,p1,v2,source1,data-videos\VIPL\VIPL\p1-5\p1\v2\source1\video.avi
179.98241249999995,139.513,104.51205833333333,6.938312584898716,5.107567768983291,3.5075277430547307,68,p1,v2,source1,data-videos\VIPL\VIPL\p1-5\p1\v2\source1\video.avi
87.71506666666666,72.58186666666667,59.863566666666664,58.94155830833623,43.93221363024012,30.30622111627138,68,p1,v2,source1,data-videos\VIPL\VIPL\p1-5\p1\v2\source1\video.avi
118.66696666666667,96.23023333333335,77.74793333333334,39.55653942732549,29.519561079108108,21.143650889093422,68,p1,v2,source1,data-videos\VIPL\VIPL\p1-5\p1\v2\source1\video.avi
149.63244583333332,119.5014625,94.28492916666666,2.9144015289258873,1.897861718121505,1.061769756703401,68,p1,v2,source1,data-videos\VIPL\VIPL\p1-5\p1\v2\source1\video.avi
124.84338749999999,101.43777083333333,81.63057083333334,16.270189727324173,12.148874968704233,8.698768452859193,68,p1,v2,source1,data-videos\VIPL\VIPL\p1-5\p1\v2\source1\video.avi
192.472525,150.27625833333335,112.939575,9.192847409914906,6.479296743798772,4.46887423398795,68,p1,v2,source1,data-videos\VIPL\VIPL\p1-5\p1\v2\source1\video.avi
170.12814166666664,135.38894166666668,106.18589166666669,19.80660065092464,13.887526749076649,8.211390863082784,68,p1,v2,source1,data-videos\VIPL\VIPL\p1-5\p1\v2\source1\video.avi
146.90952916666666,118.54924583333333,94.9743125,10.333252332768883,7.818162242001439,6.315993574860062,68,p1,v2,source1,data-videos\VIPL\VIPL\p1-5\p1\v2\source1\video.avi
191.19573333333335,150.26208333333332,115.80648333333333,7.623648583990969,4.9259852358965555,2.389208628039546,68,p1,v2,source1,data-videos\VIPL\VIPL\p1-5\p1\v2\source1\video.avi
195.17001666666667,152.21428333333333,116.02053333333333,3.7111570088505137,2.995858731539301,1.9466081980820584,70,p1,v2,source1,data-videos\VIPL\VIPL\p1-5\p1\v2\source1\video.avi
150.616,118.91028333333334,90.38523333333333,19.531829720974223,14.096597171100223,10.337449718416947,70,p1,v2,source1,data-videos\VIPL\VIPL\p1-5\p1\v2\source1\video.avi
167.31787500000002,130.685825,99.32714166666666,16.992699735306065,12.649270487752501,9.328656318158924,70,p1,v2,source1,data-videos\VIPL\VIPL\p1-5\p1\v2\source1\video.avi
182.419925,141.89185833333332,107.11959166666668,12.436457347925522,9.140426216294342,5.941329676988116,70,p1,v2,source1,data-videos\VIPL\VIPL\p1-5\p1\v2\source1\video.avi
149.36727083333332,118.56930416666664,92.27357083333332,12.101506641270554,8.393796792380122,4.6716250509614765,69,p1,v2,source1,data-videos\VIPL\VIPL\p1-5\p1\v2\source1\video.avi
172.4844708333333,136.0774375,104.15570416666668,9.586189517850812,7.387766632361644,5.497134650970702,69,p1,v2,source1,data-videos\VIPL\VIPL\p1-5\p1\v2\source1\video.avi
188.7987208333333,147.99381666666667,112.55974583333332,6.283191437840218,4.558545694691484,3.442119575486076,69,p1,v2,source1,data-videos\VIPL\VIPL\p1-5\p1\v2\source1\video.avi
184.2752375,143.3614375,108.67119583333333,2.7883027574035846,2.698818533945299,2.6741947111986404,68,p1,v2,source1,data-videos\VIPL\VIPL\p1-5\p1\v2\source1\video.avi
159.46223333333336,127.12535833333334,99.75049583333333,33.22573161935735,23.96715468783891,14.709941312195273,68,p1,v2,source1,data-videos\VIPL\VIPL\p1-5\p1\v2\source1\video.avi
138.6024625,111.6323625,90.36234583333335,23.13609465427254,16.695337763855996,10.418717555235093,68,p1,v2,source1,data-videos\VIPL\VIPL\p1-5\p1\v2\source1\video.avi
176.15265833333333,138.026625,105.56635833333331,7.383585902560226,4.9617109950362766,2.5561956430107644,69,p1,v2,source1,data-videos\VIPL\VIPL\p1-5\p1\v2\source1\video.avi
126.28006666666664,102.40415000000002,83.8817,11.146221545376314,8.300551526379637,6.020598941135341,69,p1,v2,source1,data-videos\VIPL\VIPL\p1-5\p1\v2\source1\video.avi
155.2686833333333,123.76365,98.0892,15.883607549002498,11.553618375825012,7.099504927215876,69,p1,v2,source1,data-videos\VIPL\VIPL\p1-5\p1\v2\source1\video.avi
171.91933333333336,135.73631666666665,104.76445,1.4158796036680985,0.9284310666686859,0.24197306639605654,69,p1,v2,source1,data-videos\VIPL\VIPL\p1-5\p1\v2\source1\video.avi
174.23435416666666,137.0705875,104.3032375,0.9284836760180274,0.7538904753703728,0.5442011960395101,69,p1,v2,source1,data-videos\VIPL\VIPL\p1-5\p1\v2\source1\video.avi
125.2224625,101.88132916666666,82.22514583333333,43.61121604766537,31.50073316863754,20.454180366859845,69,p1,v2,source1,data-videos\VIPL\VIPL\p1-5\p1\v2\source1\video.avi
36.9153375,35.725404166666664,33.665820833333335,12.348424390160627,10.048967953431697,8.503210335657384,69,p1,v2,source1,data-videos\VIPL\VIPL\p1-5\p1\v2\source1\video.avi
143.19558333333333,114.71915000000001,89.81569999999999,15.603474024402654,11.070530007044605,6.4490357013288335,69,p1,v2,source1,data-videos\VIPL\VIPL\p1-5\p1\v2\source1\video.avi
139.77677083333333,111.29085416666666,85.1728375,5.322639227358739,3.982941327795291,3.156632383366058,69,p1,v2,source1,data-videos\VIPL\VIPL\p1-5\p1\v2\source1\video.avi
157.44153333333333,124.73606666666669,95.54265,5.694031553558224,4.037950922669674,2.3899884911682454,69,p1,v2,source1,data-videos\VIPL\VIPL\p1-5\p1\v2\source1\video.avi
172.06665833333332,135.233025,102.30957499999998,3.408131911316014,2.345257737716569,0.9589833465490074,70,p1,v2,source1,data-videos\VIPL\VIPL\p1-5\p1\v2\source1\video.avi
144.12744583333333,115.27764583333334,90.16412916666668,11.69874088347907,8.613940708447316,5.666827712469518,70,p1,v2,source1,data-videos\VIPL\VIPL\p1-5\p1\v2\source1\video.avi
138.22859583333332,111.28749583333332,88.8113625,1.76390997978095,1.1919679847344662,0.8811102986786046,70,p1,v2,source1,data-videos\VIPL\VIPL\p1-5\p1\v2\source1\video.avi
144.89800416666665,115.52653750000002,91.2580875,2.2761902235423963,1.3626518561144756,0.6815239707001428,71,p1,v2,source1,data-videos\VIPL\VIPL\p1-5\p1\v2\source1\video.avi
148.86531666666667,117.9889,92.30648333333335,2.297171374204648,1.592543243863849,0.9099884215342464,71,p1,v2,source1,data-videos\VIPL\VIPL\p1-5\p1\v2\source1\video.avi
156.03671666666665,132.50784583333333,111.7361125,0.22305649259523658,0.13700956006283116,0.2168011796394454,74,p1,v3,source1,data-videos\VIPL\VIPL\p1-5\p1\v3\source1\video.avi
156.12572916666667,132.93549583333333,112.14589583333334,0.5820370418242762,0.31881533273807183,0.2887108378926334,74,p1,v3,source1,data-videos\VIPL\VIPL\p1-5\p1\v3\source1\video.avi
161.1935,137.15866666666668,115.70642916666668,2.887747829071221,2.7026840889608645,2.6047383794970647,74,p1,v3,source1,data-videos\VIPL\VIPL\p1-5\p1\v3\source1\video.avi
167.00499166666665,142.31200833333332,119.92161666666667,0.255994954241723,0.6168552059190563,0.8432088120973426,74,p1,v3,source1,data-videos\VIPL\VIPL\p1-5\p1\v3\source1\video.avi
166.37215,139.63795,116.04197499999998,0.29846342729144504,0.7845858496596254,1.0168675119576802,75,p1,v3,source1,data-videos\VIPL\VIPL\p1-5\p1\v3\source1\video.avi
166.29997916666667,139.0779625,115.18287916666667,0.24758221838636094,0.14497638121815246,0.21305132092343873,76,p1,v3,source1,data-videos\VIPL\VIPL\p1-5\p1\v3\source1\video.avi
167.4044916666667,140.01820833333332,115.96496666666664,0.3842795955673993,0.4497965917593558,0.5492378587200539,76,p1,v3,source1,data-videos\VIPL\VIPL\p1-5\p1\v3\source1\video.avi
167.35049583333333,140.01974583333333,115.96283333333332,0.09324331726873562,0.31242547594719683,0.533488240849787,76,p1,v3,source1,data-videos\VIPL\VIPL\p1-5\p1\v3\source1\video.avi
167.06633333333332,140.02795,116.1482,0.17176712523792387,0.17418386009632336,0.32981881668618795,75,p1,v3,source1,data-videos\VIPL\VIPL\p1-5\p1\v3\source1\video.avi
166.7350125,139.80319583333335,116.25977916666666,0.39229972256730894,0.2336328615436133,0.2765344254739776,73,p1,v3,source1,data-videos\VIPL\VIPL\p1-5\p1\v3\source1\video.avi
166.76077916666665,139.52904583333333,115.7815875,0.48489734212081786,0.1924283431746588,0.5903933910079221,72,p1,v3,source1,data-videos\VIPL\VIPL\p1-5\p1\v3\source1\video.avi
166.75310416666667,139.35552083333332,115.41427083333333,0.16467053860579367,0.13508207702993516,0.26437874143662043,71,p1,v3,source1,data-videos\VIPL\VIPL\p1-5\p1\v3\source1\video.avi
167.51870833333334,138.89875833333335,114.00958333333332,0.5899767231460593,0.28707227379519923,0.8350055363048327,71,p1,v3,source1,data-videos\VIPL\VIPL\p1-5\p1\v3\source1\video.avi
168.0214,138.38651666666667,113.14462083333333,0.09585647854561782,0.3100248241068786,0.3064659979213758,71,p1,v3,source1,data-videos\VIPL\VIPL\p1-5\p1\v3\source1\video.avi
167.06959166666667,136.92175833333334,112.04862499999999,0.9391624417237112,0.7623816326158437,0.4217047948835507,71,p1,v3,source1,data-videos\VIPL\VIPL\p1-5\p1\v3\source1\video.avi
165.73135000000002,135.9254,111.81023333333333,0.2040480873334623,0.21452475672984733,0.3458346451782349,71,p1,v3,source1,data-videos\VIPL\VIPL\p1-5\p1\v3\source1\video.avi
166.059925,135.57969166666666,111.19760833333333,0.1394650012099839,0.1326610966429096,0.4359246931412327,71,p1,v3,source1,data-videos\VIPL\VIPL\p1-5\p1\v3\source1\video.avi
166.62082083333334,136.05188750000002,112.00695000000002,0.5104597892668284,0.22889888582200457,0.42684685680776374,71,p1,v3,source1,data-videos\VIPL\VIPL\p1-5\p1\v3\source1\video.avi
167.2372,136.63945,111.93403333333333,0.22084932984515565,0.48194543054254046,0.5932797132548204,71,p1,v3,source1,data-videos\VIPL\VIPL\p1-5\p1\v3\source1\video.avi
165.84115416666668,135.49475416666667,110.48287499999998,0.9680784060590243,0.6014134587231428,0.6225290627976956,71,p1,v3,source1,data-videos\VIPL\VIPL\p1-5\p1\v3\source1\video.avi
166.75306666666668,136.37711666666667,111.72168333333333,0.699544789413683,0.4675791002971824,0.3520451713539213,72,p1,v3,source1,data-videos\VIPL\VIPL\p1-5\p1\v3\source1\video.avi
168.3327375,137.0744875,111.80792083333334,0.597037745061213,0.13736017486480123,0.5002681993191264,72,p1,v3,source1,data-videos\VIPL\VIPL\p1-5\p1\v3\source1\video.avi
169.3173958333333,136.5648625,110.60599583333332,0.3467482851635878,0.30600465330975496,0.23727604952998477,72,p1,v3,source1,data-videos\VIPL\VIPL\p1-5\p1\v3\source1\video.avi
168.05733333333333,135.77383333333336,110.68895,0.27532659741306403,0.2246941883952767,0.20207658261920436,72,p1,v3,source1,data-videos\VIPL\VIPL\p1-5\p1\v3\source1\video.avi
167.06724166666666,134.90822500000002,110.75307916666668,0.9125667189839964,0.6648814969079501,0.46298022842203734,72,p1,v3,source1,data-videos\VIPL\VIPL\p1-5\p1\v3\source1\video.avi
166.29442500000002,134.590025,110.50670833333334,0.25057160195906786,0.07779020084318168,0.20366211891403851,72,p1,v3,source1,data-videos\VIPL\VIPL\p1-5\p1\v3\source1\video.avi
167.14125,134.98783333333333,110.35763333333333,0.5343243047753071,0.21152974779304498,0.35477397014977385,72,p1,v3,source1,data-videos\VIPL\VIPL\p1-5\p1\v3\source1\video.avi
165.54704166666667,132.70369166666669,107.53750833333332,1.661622032165492,1.5738248211849295,1.380125201244841,73,p1,v3,source1,data-videos\VIPL\VIPL\p1-5\p1\v3\source1\video.avi
167.77870833333336,134.80565833333333,108.96745833333334,1.3191585488142534,1.1300191007941942,0.7353667470073442,73,p1,v3,source1,data-videos\VIPL\VIPL\p1-5\p1\v3\source1\video.avi
169.36794166666667,136.05719166666665,109.63137499999999,0.4928657881603151,0.2310434972876092,0.24501409398236643,73,p1,v3,source1,data-videos\VIPL\VIPL\p1-5\p1\v3\source1\video.avi
152.1265625,132.99386666666666,118.7172,0.23289419800690253,0.08443447142771487,0.23605522967800124,74,p1,v4,source1,data-videos\VIPL\VIPL\p1-5\p1\v4\source1\video.avi
151.90353333333334,132.95556666666667,118.74034583333334,0.14984520056359893,0.12034499409683214,0.16374068760628196,73,p1,v4,source1,data-videos\VIPL\VIPL\p1-5\p1\v4\source1\video.avi
152.62365,133.16604999999998,118.6624375,0.1352828264230151,0.1351319568565811,0.18177074856731693,72,p1,v4,source1,data-videos\VIPL\VIPL\p1-5\p1\v4\source1\video.avi
152.636,133.22561666666667,118.57043333333336,0.2075985166065067,0.12791338187965173,0.35631711560771345,70,p1,v4,source1,data-videos\VIPL\VIPL\p1-5\p1\v4\source1\video.avi
152.87325,133.30908749999998,118.12169583333332,0.15579534686301563,0.07773753517445763,0.1958921709484282,69,p1,v4,source1,data-videos\VIPL\VIPL\p1-5\p1\v4\source1\video.avi
152.7345125,133.23125,118.19841250000002,0.20071459733495275,0.12073800118667959,0.30479280057888886,69,p1,v4,source1,data-videos\VIPL\VIPL\p1-5\p1\v4\source1\video.avi
152.82915416666665,133.28720416666667,118.48154583333333,0.1681895046641332,0.09698269408192307,0.15750718590309148,68,p1,v4,source1,data-videos\VIPL\VIPL\p1-5\p1\v4\source1\video.avi
152.7843,133.25008333333332,118.11310416666666,0.21755319137256865,0.11823076173667114,0.24896473318133971,68,p1,v4,source1,data-videos\VIPL\VIPL\p1-5\p1\v4\source1\video.avi
153.31885416666665,132.98818749999998,117.78935416666667,0.12876446453268506,0.22559666065482978,0.19521378505372128,68,p1,v4,source1,data-videos\VIPL\VIPL\p1-5\p1\v4\source1\video.avi
153.32737916666667,132.75195416666668,117.6842875,0.11412166342329685,0.10303037443179629,0.14368406603842193,68,p1,v4,source1,data-videos\VIPL\VIPL\p1-5\p1\v4\source1\video.avi
153.658525,132.75204166666666,117.36227083333331,0.22629303550190288,0.12439453015283251,0.20946126125199682,69,p1,v4,source1,data-videos\VIPL\VIPL\p1-5\p1\v4\source1\video.avi
154.0110625,132.73524999999998,117.28019166666667,0.11210507456424705,0.2000596720876888,0.1993884501732729,69,p1,v4,source1,data-videos\VIPL\VIPL\p1-5\p1\v4\source1\video.avi
153.9555875,132.6502,117.11998333333332,0.1346035713627657,0.11074682918084469,0.14860068568052479,69,p1,v4,source1,data-videos\VIPL\VIPL\p1-5\p1\v4\source1\video.avi
154.1337166666667,132.7067,117.01690416666666,0.23307835160329962,0.13615423724381345,0.18717304947932262,68,p1,v4,source1,data-videos\VIPL\VIPL\p1-5\p1\v4\source1\video.avi
154.2118625,132.77912916666665,116.97926666666666,0.17489006298799592,0.13309412748439972,0.10103512212482349,68,p1,v4,source1,data-videos\VIPL\VIPL\p1-5\p1\v4\source1\video.avi
154.36500416666667,132.80192916666667,116.90642916666665,0.12545748394487463,0.08846627731640151,0.15308089931833865,69,p1,v4,source1,data-videos\VIPL\VIPL\p1-5\p1\v4\source1\video.avi
154.31556666666668,132.77890833333333,116.937925,0.09512399200079186,0.12872151154613384,0.16088164732014842,69,p1,v4,source1,data-videos\VIPL\VIPL\p1-5\p1\v4\source1\video.avi
154.12321666666668,132.6881125,116.90122083333334,0.14000447140677225,0.09051770621756006,0.24575222800504645,69,p1,v4,source1,data-videos\VIPL\VIPL\p1-5\p1\v4\source1\video.avi
154.2489875,132.58233333333337,116.63296249999999,0.14526112897219934,0.11169834361026983,0.19650352537832763,70,p1,v4,source1,data-videos\VIPL\VIPL\p1-5\p1\v4\source1\video.avi
154.74410833333334,132.48977083333332,116.32987083333333,0.29495108333840914,0.1128518571697712,0.20589771951815708,70,p1,v4,source1,data-videos\VIPL\VIPL\p1-5\p1\v4\source1\video.avi
154.65401666666665,132.57452083333334,116.46987083333333,0.25925258670894025,0.15242318192745258,0.18998638538575535,70,p1,v4,source1,data-videos\VIPL\VIPL\p1-5\p1\v4\source1\video.avi
154.3487,132.6923083333333,116.56557500000001,0.14691052501816054,0.1158766431323012,0.17919268977680158,70,p1,v4,source1,data-videos\VIPL\VIPL\p1-5\p1\v4\source1\video.avi
154.65264583333334,132.63170416666665,116.522275,0.23611573014272622,0.128672299504293,0.2037931908891402,71,p1,v4,source1,data-videos\VIPL\VIPL\p1-5\p1\v4\source1\video.avi
249.90927499999998,195.97072500000002,116.37748333333333,0.25105714246904365,0.6688775069773844,0.48572458731489276,69,p1,v5,source1,data-videos\VIPL\VIPL\p1-5\p1\v5\source1\video.avi
250.27005833333334,196.75740416666665,116.79152083333334,0.1358012490226494,0.30981896164220496,0.3975361957227561,69,p1,v5,source1,data-videos\VIPL\VIPL\p1-5\p1\v5\source1\video.avi
250.2229708333333,197.42251666666667,116.7537125,0.4247899144969573,1.1968484656472702,0.9751138203150673,69,p1,v5,source1,data-videos\VIPL\VIPL\p1-5\p1\v5\source1\video.avi
250.14803333333333,197.59659166666668,116.481525,0.36027524479748846,1.065358881124235,0.9705980758768438,69,p1,v5,source1,data-videos\VIPL\VIPL\p1-5\p1\v5\source1\video.avi
246.7938583333333,193.10813749999997,113.06691666666666,1.8088617892583396,1.935070177389855,1.56722008177608,69,p1,v5,source1,data-videos\VIPL\VIPL\p1-5\p1\v5\source1\video.avi
248.64905,195.37079583333332,114.7438125,0.4278789949337957,0.615749479011378,0.33190254384549533,70,p1,v5,source1,data-videos\VIPL\VIPL\p1-5\p1\v5\source1\video.avi
250.09655833333335,197.3932375,116.28628333333332,0.5506792652664952,0.6884604742346039,0.7684115078632469,70,p1,v5,source1,data-videos\VIPL\VIPL\p1-5\p1\v5\source1\video.avi
251.1286625,198.62477083333334,117.16120833333335,0.5014257958215513,0.8666469539024141,0.4909575023331677,70,p1,v5,source1,data-videos\VIPL\VIPL\p1-5\p1\v5\source1\video.avi
252.000275,201.02024999999998,118.73102083333333,0.1237107467205902,0.6605367838977209,0.9559678360029785,70,p1,v5,source1,data-videos\VIPL\VIPL\p1-5\p1\v5\source1\video.avi
252.07591250000002,202.0282416666667,119.5143875,0.2529681977981077,0.5370366206088755,0.7078343624413684,70,p1,v5,source1,data-videos\VIPL\VIPL\p1-5\p1\v5\source1\video.avi
251.44460833333335,200.51780833333333,118.48902083333333,0.133585767808967,0.5992352305462152,0.25015941792185253,70,p1,v5,source1,data-videos\VIPL\VIPL\p1-5\p1\v5\source1\video.avi
250.48885833333333,197.81445000000002,118.4566,0.36009230886368465,0.6694210240169022,0.513643323170369,71,p1,v5,source1,data-videos\VIPL\VIPL\p1-5\p1\v5\source1\video.avi
250.65558333333334,198.37517916666673,118.9549875,0.310361808631385,0.45637454970457425,0.4861236467510674,71,p1,v5,source1,data-videos\VIPL\VIPL\p1-5\p1\v5\source1\video.avi
250.68925416666664,199.1757125,119.14735416666669,0.18582329868273634,0.4387319833274563,0.30535403945211215,71,p1,v5,source1,data-videos\VIPL\VIPL\p1-5\p1\v5\source1\video.avi
250.40343749999997,199.12908750000003,118.26809166666668,0.21746760614450802,0.3261272095981553,0.38187144788309796,71,p1,v5,source1,data-videos\VIPL\VIPL\p1-5\p1\v5\source1\video.avi
249.60458333333335,198.3972291666667,117.56496666666666,0.3463993097147165,0.7793712649157595,0.5941277005689388,71,p1,v5,source1,data-videos\VIPL\VIPL\p1-5\p1\v5\source1\video.avi
249.68032916666667,196.77135416666667,116.1264375,0.3622923683144452,0.49866684335307526,0.2948814395109601,70,p1,v5,source1,data-videos\VIPL\VIPL\p1-5\p1\v5\source1\video.avi
248.74556666666666,195.22497499999997,115.16564166666667,0.1629183266113242,0.4677454182402234,0.4959899889782721,70,p1,v5,source1,data-videos\VIPL\VIPL\p1-5\p1\v5\source1\video.avi
219.98733333333334,149.40834166666664,104.35592500000001,0.30048134128150633,0.1459760460039412,0.2887888341490476,70,p1,v6,source1,data-videos\VIPL\VIPL\p1-5\p1\v6\source1\video.avi
220.82819166666667,149.69587916666669,104.51859583333334,0.20153097595861588,0.21284110302967676,0.2177016249365173,70,p1,v6,source1,data-videos\VIPL\VIPL\p1-5\p1\v6\source1\video.avi
221.18110833333333,150.05494166666668,104.60040833333332,0.38378688621131646,0.3870425683593768,0.24781606137976142,70,p1,v6,source1,data-videos\VIPL\VIPL\p1-5\p1\v6\source1\video.avi
221.74522500000003,150.4451875,104.91132499999999,0.2371460551186392,0.2728647215196587,0.2783805622355043,70,p1,v6,source1,data-videos\VIPL\VIPL\p1-5\p1\v6\source1\video.avi
221.26350416666668,150.1363875,104.51995416666666,0.27172194427392093,0.18752871011675953,0.2613715079606247,70,p1,v6,source1,data-videos\VIPL\VIPL\p1-5\p1\v6\source1\video.avi
220.97608333333335,150.02902916666665,104.36097916666668,0.17735504889361356,0.196128544600075,0.2429959508264596,70,p1,v6,source1,data-videos\VIPL\VIPL\p1-5\p1\v6\source1\video.avi
221.1492458333333,150.20923750000003,104.607325,0.1442887888345215,0.1669630326474489,0.21369581371335084,70,p1,v6,source1,data-videos\VIPL\VIPL\p1-5\p1\v6\source1\video.avi
221.28527083333336,150.21002083333332,104.67757499999999,0.1671724928363208,0.1916241098587701,0.25881516476800254,70,p1,v6,source1,data-videos\VIPL\VIPL\p1-5\p1\v6\source1\video.avi
221.46637916666666,150.44368333333333,104.46750000000002,0.2559243701353333,0.17552855170962403,0.279769236194463,70,p1,v6,source1,data-videos\VIPL\VIPL\p1-5\p1\v6\source1\video.avi
221.56016250000002,150.48112916666668,104.40616666666666,0.35138878372308224,0.1554168891866159,0.22593746638235446,70,p1,v6,source1,data-videos\VIPL\VIPL\p1-5\p1\v6\source1\video.avi
220.9447458333333,149.9463,103.91356249999998,0.4957093350554469,0.4506464291406535,0.3701917237410755,70,p1,v6,source1,data-videos\VIPL\VIPL\p1-5\p1\v6\source1\video.avi
220.3917625,149.60414166666666,103.47937083333332,0.18170459017393284,0.17545341380739016,0.2611307218404016,69,p1,v6,source1,data-videos\VIPL\VIPL\p1-5\p1\v6\source1\video.avi
220.46895,149.76335833333331,103.62937500000002,0.21041946970080197,0.13837827231903088,0.23508687814886275,69,p1,v6,source1,data-videos\VIPL\VIPL\p1-5\p1\v6\source1\video.avi
219.38401250000004,149.08398749999998,103.1839875,0.2525674124807532,0.35276199202979885,0.23147419972620978,69,p1,v6,source1,data-videos\VIPL\VIPL\p1-5\p1\v6\source1\video.avi
219.710875,149.2910375,103.3218375,0.33167030986273544,0.2709405820983213,0.25919270849869336,69,p1,v6,source1,data-videos\VIPL\VIPL\p1-5\p1\v6\source1\video.avi
219.7111375,149.3320625,103.21713333333334,0.4095869361489517,0.25235239084792654,0.291473224720842,69,p1,v6,source1,data-videos\VIPL\VIPL\p1-5\p1\v6\source1\video.avi
220.72874583333333,149.98855416666666,103.82555416666666,0.264629901544906,0.26131715697171143,0.2603933501561745,69,p1,v6,source1,data-videos\VIPL\VIPL\p1-5\p1\v6\source1\video.avi
220.19497083333334,149.72285416666668,103.57525833333335,0.24738394010008785,0.25978758183102585,0.23481876529511417,69,p1,v6,source1,data-videos\VIPL\VIPL\p1-5\p1\v6\source1\video.avi
219.63772916666665,149.15766250000001,103.37461666666668,0.18898935109256695,0.2557885412742774,0.20276630234843013,69,p1,v6,source1,data-videos\VIPL\VIPL\p1-5\p1\v6\source1\video.avi
220.11640833333334,149.62490416666668,103.54909166666667,0.4240897852312648,0.3882475125573164,0.29307909869227755,69,p1,v6,source1,data-videos\VIPL\VIPL\p1-5\p1\v6\source1\video.avi
220.48024583333333,149.84189583333333,103.69336666666668,0.23967541324732847,0.13306705507312422,0.24201341273665908,69,p1,v6,source1,data-videos\VIPL\VIPL\p1-5\p1\v6\source1\video.avi
221.125725,150.19844583333332,104.06206666666667,0.3391000362991065,0.28781162145480615,0.17954653209544288,69,p1,v6,source1,data-videos\VIPL\VIPL\p1-5\p1\v6\source1\video.avi
220.65709583333333,149.9617625,103.48234583333333,0.7420485646683707,0.5768220948414018,0.5301020760586267,69,p1,v6,source1,data-videos\VIPL\VIPL\p1-5\p1\v6\source1\video.avi
219.04184999999998,148.739775,102.69725833333334,0.561869748986711,0.4139261538406739,0.3841855062716009,69,p1,v6,source1,data-videos\VIPL\VIPL\p1-5\p1\v6\source1\video.avi
118.75016666666666,95.55611666666665,70.1618,0.9806880326388767,0.9985872762029583,0.845691115157861,83,p2,v1,source1,data-videos\VIPL\VIPL\p1-5\p2\v1\source1\video.avi
118.94205416666668,96.10385000000001,71.0782125,0.43116440124711036,0.17631724357516623,0.26491559137875614,84,p2,v1,source1,data-videos\VIPL\VIPL\p1-5\p2\v1\source1\video.avi
122.13212083333333,98.13582083333334,72.28857083333332,2.211792210602512,1.608588632403764,1.0332627410027153,85,p2,v1,source1,data-videos\VIPL\VIPL\p1-5\p2\v1\source1\video.avi
128.709275,103.19992083333332,75.4075125,0.4030096642503355,0.24005509039303974,0.29182613694011056,85,p2,v1,source1,data-videos\VIPL\VIPL\p1-5\p2\v1\source1\video.avi
128.21753333333334,103.39743333333334,75.59846666666667,0.45021795042173246,0.21101116898756694,0.3288066220778127,85,p2,v1,source1,data-videos\VIPL\VIPL\p1-5\p2\v1\source1\video.avi
127.37205833333336,103.1001125,75.2197,0.18946787986357927,0.1579169770225614,0.2489380018197301,85,p2,v1,source1,data-videos\VIPL\VIPL\p1-5\p2\v1\source1\video.avi
127.58870833333334,103.30317500000001,75.02995416666667,0.10882567210783627,0.13530871376534961,0.26053218784399357,85,p2,v1,source1,data-videos\VIPL\VIPL\p1-5\p2\v1\source1\video.avi
127.46522916666667,102.96309583333334,74.93160416666666,0.12283656288156058,0.1924765351860384,0.2743492046846709,85,p2,v1,source1,data-videos\VIPL\VIPL\p1-5\p2\v1\source1\video.avi
127.29994583333333,102.56081666666665,74.76345416666668,0.21114781823602408,0.2412213222016716,0.2126817863780188,85,p2,v1,source1,data-videos\VIPL\VIPL\p1-5\p2\v1\source1\video.avi
127.24834999999999,102.2734,74.93621666666667,0.17118461008270255,0.20434803993092476,0.23620587058456166,85,p2,v1,source1,data-videos\VIPL\VIPL\p1-5\p2\v1\source1\video.avi
126.63890416666665,101.55383749999999,74.46040833333333,0.4814624568192089,0.5096348763453096,0.40466726399427233,86,p2,v1,source1,data-videos\VIPL\VIPL\p1-5\p2\v1\source1\video.avi
125.99498750000001,100.78902083333332,73.97290833333334,0.2090877970494696,0.2514820549429586,0.2738465534316402,86,p2,v1,source1,data-videos\VIPL\VIPL\p1-5\p2\v1\source1\video.avi
125.18692499999999,100.319325,73.49720416666666,0.753955768808387,0.593310503364619,0.47113540520186153,86,p2,v1,source1,data-videos\VIPL\VIPL\p1-5\p2\v1\source1\video.avi
124.17811666666667,99.64781666666666,72.86158333333334,0.4795932529744462,0.40105386721701575,0.3618755733060112,86,p2,v1,source1,data-videos\VIPL\VIPL\p1-5\p2\v1\source1\video.avi
124.609375,100.40982083333333,73.21511666666666,0.17845661383325895,0.18154415909466495,0.23278877548768562,85,p2,v1,source1,data-videos\VIPL\VIPL\p1-5\p2\v1\source1\video.avi
124.70707083333333,100.5300875,73.40390416666666,0.37179613580189597,0.2932289079039717,0.2737508769646024,84,p2,v1,source1,data-videos\VIPL\VIPL\p1-5\p2\v1\source1\video.avi
123.65103333333334,99.90998333333333,73.7771875,0.7301529044107435,0.7672665393659195,0.5842781463112778,83,p2,v1,source1,data-videos\VIPL\VIPL\p1-5\p2\v1\source1\video.avi
122.76270000000001,98.87523333333334,73.04353333333333,0.4847720620946516,0.3079220233521427,0.2661412384143475,81,p2,v1,source1,data-videos\VIPL\VIPL\p1-5\p2\v1\source1\video.avi
123.55441666666665,99.11223333333334,72.95142916666667,0.38370451911087783,0.26471202919923686,0.18933108566740922,80,p2,v1,source1,data-videos\VIPL\VIPL\p1-5\p2\v1\source1\video.avi
124.06224166666667,99.71925833333333,72.89757083333333,0.14026244968510523,0.22293882350945154,0.2379997733571504,79,p2,v1,source1,data-videos\VIPL\VIPL\p1-5\p2\v1\source1\video.avi
125.19240416666668,100.40545416666666,73.23404166666666,0.3977717307161776,0.2831093414237494,0.3213163976994583,78,p2,v1,source1,data-videos\VIPL\VIPL\p1-5\p2\v1\source1\video.avi
125.96379583333332,101.17494583333333,73.77394166666666,0.15087631201675888,0.24274943700587026,0.32268602203914076,77,p2,v1,source1,data-videos\VIPL\VIPL\p1-5\p2\v1\source1\video.avi
125.6749375,101.39563749999999,73.78334166666667,0.772217995654402,0.4804963482995128,0.4214286423880077,77,p2,v1,source1,data-videos\VIPL\VIPL\p1-5\p2\v1\source1\video.avi
124.84260000000002,100.87075833333334,73.64507499999999,0.2862667715246857,0.19324105313844572,0.24774209280744056,76,p2,v1,source1,data-videos\VIPL\VIPL\p1-5\p2\v1\source1\video.avi
124.99838333333335,100.704,73.60307916666666,0.2671708370697583,0.2024755943797777,0.3043730950202749,76,p2,v1,source1,data-videos\VIPL\VIPL\p1-5\p2\v1\source1\video.avi
125.50325000000001,100.85861666666666,74.1145625,0.25253954585811367,0.16449548161643465,0.30076422047750945,76,p2,v1,source1,data-videos\VIPL\VIPL\p1-5\p2\v1\source1\video.avi
126.53553333333332,100.90423333333334,75.71299583333334,0.8049831920691818,0.3356715709464633,0.2939482535479475,101,p2,v3,source1,data-videos\VIPL\VIPL\p1-5\p2\v3\source1\video.avi
126.95204166666666,100.80759166666668,75.44964166666666,0.692983061436209,0.5398365230622553,0.42038377088844436,100,p2,v3,source1,data-videos\VIPL\VIPL\p1-5\p2\v3\source1\video.avi
127.45451666666668,100.75493333333334,74.77000416666668,0.5374770060327119,0.33999592123778954,0.37170121111885357,99,p2,v3,source1,data-videos\VIPL\VIPL\p1-5\p2\v3\source1\video.avi
126.93014583333331,100.2491625,73.80746250000001,0.810701332288045,0.5717434270926178,0.7858506404288911,97,p2,v3,source1,data-videos\VIPL\VIPL\p1-5\p2\v3\source1\video.avi
126.22422499999999,99.85979583333334,73.3018375,1.6799910530825746,1.340042890806629,0.878537052335522,95,p2,v3,source1,data-videos\VIPL\VIPL\p1-5\p2\v3\source1\video.avi
127.7387125,100.35594583333334,73.89061666666666,1.5883822559031737,1.1076072100259142,0.7692685017003715,92,p2,v3,source1,data-videos\VIPL\VIPL\p1-5\p2\v3\source1\video.avi
127.15597083333334,99.3321375,73.17290416666668,0.477771225980595,0.5411527779631377,0.34668230924243365,92,p2,v3,source1,data-videos\VIPL\VIPL\p1-5\p2\v3\source1\video.avi
127.17865000000002,98.69725,73.07881666666667,0.6335970911029876,0.6033722902650746,0.4419164563689865,91,p2,v3,source1,data-videos\VIPL\VIPL\p1-5\p2\v3\source1\video.avi
126.51914583333333,97.8152625,72.67699583333334,0.8022638541444249,0.6065889438537054,0.41202005294375765,92,p2,v3,source1,data-videos\VIPL\VIPL\p1-5\p2\v3\source1\video.avi
130.07486666666665,100.40023333333335,74.81635,0.7685756111596604,0.45392408590411815,0.3815312333399292,93,p2,v3,source1,data-videos\VIPL\VIPL\p1-5\p2\v3\source1\video.avi
129.93114583333332,100.33031249999998,74.70494583333333,1.4790512405081209,1.0604243610559085,0.7417872187372495,96,p2,v3,source1,data-videos\VIPL\VIPL\p1-5\p2\v3\source1\video.avi
130.38038333333333,100.74566666666668,74.95206666666667,1.1718498274037124,0.9487099016193276,0.7507352354988037,96,p2,v3,source1,data-videos\VIPL\VIPL\p1-5\p2\v3\source1\video.avi
128.4663541666667,99.21075416666666,73.84512083333333,0.6597600462110365,0.5464500081015342,0.5119120294909065,97,p2,v3,source1,data-videos\VIPL\VIPL\p1-5\p2\v3\source1\video.avi
128.6090291666667,99.22936250000001,73.8654625,1.7578220587937632,1.400890978674623,0.9238695217933157,98,p2,v3,source1,data-videos\VIPL\VIPL\p1-5\p2\v3\source1\video.avi
129.9829375,100.06473749999999,74.54847083333333,0.7109654747243375,0.5928071996629447,0.4937554137537228,98,p2,v3,source1,data-videos\VIPL\VIPL\p1-5\p2\v3\source1\video.avi
129.6328625,99.72427916666668,74.31397916666667,0.7711567852457466,0.5268377754083531,0.5360634242248449,98,p2,v3,source1,data-videos\VIPL\VIPL\p1-5\p2\v3\source1\video.avi
128.75263333333334,99.12216666666667,73.87305,1.0275171584299974,0.8576892714058644,0.6086475761712731,98,p2,v3,source1,data-videos\VIPL\VIPL\p1-5\p2\v3\source1\video.avi
129.71460416666665,99.79337083333331,74.2784375,0.5617324755895312,0.46038044152363683,0.3750783008530786,98,p2,v3,source1,data-videos\VIPL\VIPL\p1-5\p2\v3\source1\video.avi
130.29295416666665,100.22082083333333,74.48298750000001,0.6855302406410183,0.5501188731386463,0.5062379720107479,98,p2,v3,source1,data-videos\VIPL\VIPL\p1-5\p2\v3\source1\video.avi
128.756625,99.07842500000001,73.67675833333332,0.8877899751239329,0.674712314156932,0.5856392328402079,98,p2,v3,source1,data-videos\VIPL\VIPL\p1-5\p2\v3\source1\video.avi
119.97539166666665,107.40379999999999,91.25568333333332,1.403127183640965,1.7248895871266012,1.854932333737016,89,p2,v4,source1,data-videos\VIPL\VIPL\p1-5\p2\v4\source1\video.avi
112.98670833333334,101.88670416666668,87.11338749999999,2.4378251081266065,1.3613421067068534,0.64799268452768,89,p2,v4,source1,data-videos\VIPL\VIPL\p1-5\p2\v4\source1\video.avi
115.54162500000001,103.87871249999998,88.73532083333333,1.6437785110539593,1.2692958191973793,0.9077976698061948,89,p2,v4,source1,data-videos\VIPL\VIPL\p1-5\p2\v4\source1\video.avi
118.52600000000001,106.07824166666666,89.91069166666668,0.4393073719093368,0.37571788960527974,0.43161482643993615,89,p2,v4,source1,data-videos\VIPL\VIPL\p1-5\p2\v4\source1\video.avi
118.89549583333336,106.83259583333333,90.94576666666666,0.20649044965472688,0.1669827963319368,0.22945112247310093,88,p2,v4,source1,data-videos\VIPL\VIPL\p1-5\p2\v4\source1\video.avi
117.26786666666666,105.836575,90.65597500000001,1.3495942066686617,0.866756166913131,0.5005097027725284,88,p2,v4,source1,data-videos\VIPL\VIPL\p1-5\p2\v4\source1\video.avi
116.32583333333334,104.80108333333334,89.55096666666667,1.2091259268349366,1.2144721618647512,1.388766647352468,88,p2,v4,source1,data-videos\VIPL\VIPL\p1-5\p2\v4\source1\video.avi
108.06748749999998,96.34500833333334,82.03238333333333,1.777952273225592,2.0834228282694247,2.4779455300221875,88,p2,v4,source1,data-videos\VIPL\VIPL\p1-5\p2\v4\source1\video.avi
112.96599583333335,101.84881666666666,87.74690833333334,1.1940020974646568,1.0895664633333917,0.9496400367558869,88,p2,v4,source1,data-videos\VIPL\VIPL\p1-5\p2\v4\source1\video.avi
114.49744166666667,102.55036249999999,87.52429583333334,0.227459762696248,0.4020031743500305,0.7014798966342104,87,p2,v4,source1,data-videos\VIPL\VIPL\p1-5\p2\v4\source1\video.avi
114.94165416666667,102.5464625,87.1303875,0.29094548088468786,0.2539614651160465,0.28734016317772115,86,p2,v4,source1,data-videos\VIPL\VIPL\p1-5\p2\v4\source1\video.avi
115.82799583333335,103.22223333333332,87.5502875,0.19683165589886467,0.19611683840393654,0.3817077457878543,86,p2,v4,source1,data-videos\VIPL\VIPL\p1-5\p2\v4\source1\video.avi
116.4320875,103.44759166666668,87.46734166666667,0.18217313641682875,0.2121530159754966,0.31642491199422884,86,p2,v4,source1,data-videos\VIPL\VIPL\p1-5\p2\v4\source1\video.avi
116.78094999999999,103.58538333333334,87.51118333333332,0.24615118103232927,0.2352831732868802,0.24309941110696928,86,p2,v4,source1,data-videos\VIPL\VIPL\p1-5\p2\v4\source1\video.avi
116.61935416666667,103.32419583333335,87.34815416666666,0.26836223640921464,0.2244443689579773,0.42563143913386825,86,p2,v4,source1,data-videos\VIPL\VIPL\p1-5\p2\v4\source1\video.avi
117.4597,104.44725,88.6111875,0.3845989414492558,0.3955417654236334,0.38665108512966073,86,p2,v4,source1,data-videos\VIPL\VIPL\p1-5\p2\v4\source1\video.avi
118.71220833333335,105.50655833333334,89.21972916666668,0.34641542628676897,0.39433402947951973,0.38071168621521695,86,p2,v4,source1,data-videos\VIPL\VIPL\p1-5\p2\v4\source1\video.avi
119.33090416666668,106.21397916666666,89.70314583333332,0.2804452030428085,0.23392943944465147,0.2708683615168695,86,p2,v4,source1,data-videos\VIPL\VIPL\p1-5\p2\v4\source1\video.avi
105.34288333333333,79.03143333333334,58.771350000000005,0.6038280981809121,0.48021781378927864,0.4041507583638942,90,p2,v5,source1,data-videos\VIPL\VIPL\p1-5\p2\v5\source1\video.avi
106.88420833333332,80.08419166666665,59.540758333333336,0.3365356464320601,0.3193798723263924,0.3416987351820319,89,p2,v5,source1,data-videos\VIPL\VIPL\p1-5\p2\v5\source1\video.avi
105.95458333333335,79.19323333333332,58.973083333333335,1.4953762277433735,1.2165801797456663,0.7322896621594195,89,p2,v5,source1,data-videos\VIPL\VIPL\p1-5\p2\v5\source1\video.avi
101.45089583333335,75.6408625,56.78809583333334,0.31886230864591014,0.2569635956976955,0.3281750590386178,89,p2,v5,source1,data-videos\VIPL\VIPL\p1-5\p2\v5\source1\video.avi
102.38311666666667,76.47168333333335,57.14188333333333,2.1339542319349447,1.6905570289992027,1.1199987432253615,89,p2,v5,source1,data-videos\VIPL\VIPL\p1-5\p2\v5\source1\video.avi
76.92012500000001,60.043391666666665,48.820575,11.69842181040531,11.29591545902151,12.752008843827532,89,p2,v5,source1,data-videos\VIPL\VIPL\p1-5\p2\v5\source1\video.avi
163.00126250000002,168.60982916666669,169.38752916666664,8.396989685324819,8.841000520572146,9.049012638383157,89,p2,v5,source1,data-videos\VIPL\VIPL\p1-5\p2\v5\source1\video.avi
163.43069166666666,168.05629166666665,168.123225,0.248003342481396,0.09199571151689519,0.18931562481372377,90,p2,v5,source1,data-videos\VIPL\VIPL\p1-5\p2\v5\source1\video.avi
163.639375,167.792025,167.61627499999997,0.6863776432090586,0.41739911048126804,0.394583064149854,90,p2,v5,source1,data-videos\VIPL\VIPL\p1-5\p2\v5\source1\video.avi
149.76594166666666,119.98305,99.29333333333332,18.741891628065716,15.805175023650612,23.77907732300253,90,p2,v5,source1,data-videos\VIPL\VIPL\p1-5\p2\v5\source1\video.avi
121.377325,88.09957916666666,61.5118125,3.32875251631315,4.826429303131351,6.440423952600955,90,p2,v5,source1,data-videos\VIPL\VIPL\p1-5\p2\v5\source1\video.avi
128.39233750000002,93.00398750000001,64.1240375,2.048288585268607,1.6887967716814427,1.4197226790771886,90,p2,v5,source1,data-videos\VIPL\VIPL\p1-5\p2\v5\source1\video.avi
124.04056250000002,89.65064583333334,62.310812500000004,0.7802010719510785,0.5410542924659528,0.5003623036319118,90,p2,v5,source1,data-videos\VIPL\VIPL\p1-5\p2\v5\source1\video.avi
123.81827916666667,89.25047916666666,62.42919583333333,0.28106835819630616,0.23590541632482592,0.23290527797141944,90,p2,v5,source1,data-videos\VIPL\VIPL\p1-5\p2\v5\source1\video.avi
124.18125,89.29883333333333,62.658849999999994,0.31165556742713985,0.27605988619118293,0.28782936218549904,90,p2,v5,source1,data-videos\VIPL\VIPL\p1-5\p2\v5\source1\video.avi
124.29061666666668,89.21775000000001,62.832416666666674,0.2579998383666595,0.22182362472493988,0.24795653390933944,90,p2,v5,source1,data-videos\VIPL\VIPL\p1-5\p2\v5\source1\video.avi
125.7285625,90.27569583333336,63.6924125,0.9004452038320635,0.6632905566975659,0.525204380422782,90,p2,v5,source1,data-videos\VIPL\VIPL\p1-5\p2\v5\source1\video.avi
126.62492916666666,90.7871625,64.1773625,0.19002218373784652,0.12108285400799754,0.23481604746233498,90,p2,v5,source1,data-videos\VIPL\VIPL\p1-5\p2\v5\source1\video.avi
127.02076666666666,90.67581666666666,64.38773333333333,0.27577274145671976,0.17594981745909444,0.25004125923424003,90,p2,v5,source1,data-videos\VIPL\VIPL\p1-5\p2\v5\source1\video.avi
126.85630416666667,90.02720416666669,64.07777083333333,0.1761977269803893,0.36111717891803785,0.1917565346380376,93,p2,v5,source1,data-videos\VIPL\VIPL\p1-5\p2\v5\source1\video.avi
127.39774583333333,90.1416125,64.27682916666666,0.6585684402708895,0.5115843447280538,0.45856488571381293,96,p2,v5,source1,data-videos\VIPL\VIPL\p1-5\p2\v5\source1\video.avi
116.98163333333336,82.12171666666667,58.49856666666667,3.20091219199591,2.3907490933878286,1.718553109500434,97,p2,v5,source1,data-videos\VIPL\VIPL\p1-5\p2\v5\source1\video.avi
116.65862083333333,82.1302375,58.3098375,0.5704311145905835,0.5592654831649478,0.30880920074582924,100,p2,v5,source1,data-videos\VIPL\VIPL\p1-5\p2\v5\source1\video.avi
118.58903333333332,83.83973333333333,59.37171666666667,0.8095032521295593,0.651487491405886,0.509495450244106,101,p2,v5,source1,data-videos\VIPL\VIPL\p1-5\p2\v5\source1\video.avi
119.92541666666666,85.32858333333334,60.3179,0.4624019321704876,0.3835783116660212,0.4109080282841075,101,p2,v5,source1,data-videos\VIPL\VIPL\p1-5\p2\v5\source1\video.avi
121.24850833333333,86.35694166666666,61.22165833333334,0.40436322187896023,0.24582189394288467,0.329265264663446,101,p2,v5,source1,data-videos\VIPL\VIPL\p1-5\p2\v5\source1\video.avi
181.45142083333332,123.60180833333335,69.75627083333335,0.25553356297276386,0.26712356834223455,0.2857807288814277,90,p2,v6,source1,data-videos\VIPL\VIPL\p1-5\p2\v6\source1\video.avi
179.66273333333334,122.04080833333333,69.36685,0.4569385208920363,0.36298875728686875,0.3201576573975349,90,p2,v6,source1,data-videos\VIPL\VIPL\p1-5\p2\v6\source1\video.avi
177.72423333333333,120.20208333333333,69.51040416666667,2.6975812299323536,1.9607891819738896,0.6948774368099039,90,p2,v6,source1,data-videos\VIPL\VIPL\p1-5\p2\v6\source1\video.avi
193.81152916666667,129.11235416666668,69.7450875,3.189262134344321,1.3755842606542585,0.6670288597371357,90,p2,v6,source1,data-videos\VIPL\VIPL\p1-5\p2\v6\source1\video.avi
192.0052625,129.26159166666665,70.3313375,2.1476876650313437,0.7382848087186439,0.3803773832857024,90,p2,v6,source1,data-videos\VIPL\VIPL\p1-5\p2\v6\source1\video.avi
185.2322416666667,125.8309875,69.79345416666666,1.935259229136586,1.159849707442377,0.4276592039083222,90,p2,v6,source1,data-videos\VIPL\VIPL\p1-5\p2\v6\source1\video.avi
182.97197083333333,124.67181666666667,69.7786625,0.21446233425126068,0.28182562557220825,0.23416906263602083,90,p2,v6,source1,data-videos\VIPL\VIPL\p1-5\p2\v6\source1\video.avi
182.16651666666664,123.80601249999998,69.50711666666668,0.6214814577494547,0.44524225861228334,0.2901327128684181,91,p2,v6,source1,data-videos\VIPL\VIPL\p1-5\p2\v6\source1\video.avi
181.51163333333335,123.33113750000001,69.37535416666667,0.7716478594720404,0.424763165138332,0.5517347704689667,91,p2,v6,source1,data-videos\VIPL\VIPL\p1-5\p2\v6\source1\video.avi
177.83454583333332,121.53526666666667,68.10742916666668,1.1661644201213401,0.9626699169461236,0.8444716089769126,91,p2,v6,source1,data-videos\VIPL\VIPL\p1-5\p2\v6\source1\video.avi
179.1459,122.84781666666666,68.86988333333333,0.3538943510447556,0.2043841369007571,0.21069542451064868,91,p2,v6,source1,data-videos\VIPL\VIPL\p1-5\p2\v6\source1\video.avi
179.08955000000003,123.09678333333335,69.17717916666668,0.49113590147257297,0.28039432383748103,0.21771297028554734,91,p2,v6,source1,data-videos\VIPL\VIPL\p1-5\p2\v6\source1\video.avi
176.35396250000002,121.17087916666668,67.78877916666667,2.2741591344155854,1.5231433831699646,1.3247351145475368,90,p2,v6,source1,data-videos\VIPL\VIPL\p1-5\p2\v6\source1\video.avi
177.65469999999996,121.43135416666667,67.49100416666666,1.2439091586886284,0.7258569785423367,0.5207643695008951,90,p2,v6,source1,data-videos\VIPL\VIPL\p1-5\p2\v6\source1\video.avi
180.2339375,122.87072916666666,68.34256666666666,0.7249353760709748,0.5551515121017752,0.28296277066662645,88,p2,v6,source1,data-videos\VIPL\VIPL\p1-5\p2\v6\source1\video.avi
101.48320000000001,79.93544999999999,59.611387500000006,1.610381816817833,1.3173639127349706,1.0591463325480572,107,p2,v7,source1,data-videos\VIPL\VIPL\p1-5\p2\v7\source1\video.avi
101.1479125,80.27804583333332,59.97110416666667,1.280490692512489,0.8967029332040053,0.7602483192644651,106,p2,v7,source1,data-videos\VIPL\VIPL\p1-5\p2\v7\source1\video.avi
110.23149166666666,86.88005833333332,64.43195,3.800120229357151,2.9724587086072347,2.035513894283073,107,p2,v7,source1,data-videos\VIPL\VIPL\p1-5\p2\v7\source1\video.avi
112.66536666666667,88.98455000000001,66.05361249999999,1.955979734641028,1.3776150983246174,1.053784352906493,107,p2,v7,source1,data-videos\VIPL\VIPL\p1-5\p2\v7\source1\video.avi
112.541275,88.472775,66.08152500000001,0.8832599238757521,0.5495397418269415,0.5330813930322666,107,p2,v7,source1,data-videos\VIPL\VIPL\p1-5\p2\v7\source1\video.avi
112.59839583333334,88.00989583333335,65.91149583333333,0.4240485653364357,0.49317874654294086,0.41898505517301454,107,p2,v7,source1,data-videos\VIPL\VIPL\p1-5\p2\v7\source1\video.avi
112.63497083333336,87.73417083333334,65.93080416666666,0.8440443115918492,0.5885158080454979,0.5910224438185266,106,p2,v7,source1,data-videos\VIPL\VIPL\p1-5\p2\v7\source1\video.avi
114.54253333333332,89.12021666666665,66.71011666666668,1.049072191238789,0.8665340362857445,0.5387190490593816,107,p2,v7,source1,data-videos\VIPL\VIPL\p1-5\p2\v7\source1\video.avi
115.37397499999999,89.81025833333334,66.700925,0.2383727616715986,0.16959633989843134,0.2856108605180007,108,p2,v7,source1,data-videos\VIPL\VIPL\p1-5\p2\v7\source1\video.avi
116.48195833333334,90.90512500000001,66.89589166666667,0.6024489079016958,0.585736320648112,0.4387816792536012,106,p2,v7,source1,data-videos\VIPL\VIPL\p1-5\p2\v7\source1\video.avi
117.38607083333332,92.00627083333333,67.95827083333333,0.5007962631178245,0.38576058304414185,0.5493072831480081,106,p2,v7,source1,data-videos\VIPL\VIPL\p1-5\p2\v7\source1\video.avi
118.00847916666667,92.53371250000001,68.69512916666666,0.5632581210577453,0.4699064234194224,0.41851077773026213,106,p2,v7,source1,data-videos\VIPL\VIPL\p1-5\p2\v7\source1\video.avi
116.3111375,90.83223749999999,67.34795416666667,0.710724053684768,0.455980829199235,0.32788945365693606,104,p2,v7,source1,data-videos\VIPL\VIPL\p1-5\p2\v7\source1\video.avi
118.40001249999999,92.18981249999999,68.6396625,0.3093624693309698,0.2907019312753558,0.4064781317576904,103,p2,v7,source1,data-videos\VIPL\VIPL\p1-5\p2\v7\source1\video.avi
115.4279125,89.95856250000001,67.03214583333333,1.736697696579792,1.2138000461704281,0.9605943888349096,104,p2,v7,source1,data-videos\VIPL\VIPL\p1-5\p2\v7\source1\video.avi
112.81644166666665,88.083625,65.54945833333333,1.154021845110852,0.9395890146724026,0.672760703675328,104,p2,v7,source1,data-videos\VIPL\VIPL\p1-5\p2\v7\source1\video.avi
117.41209166666667,91.914575,68.129525,0.6865682574608124,0.694647017626377,0.48699937977658514,104,p2,v7,source1,data-videos\VIPL\VIPL\p1-5\p2\v7\source1\video.avi
118.75830833333333,92.85470833333333,68.68819166666667,0.7086667286962975,0.49550389966511277,0.4323522094954012,103,p2,v7,source1,data-videos\VIPL\VIPL\p1-5\p2\v7\source1\video.avi
117.54977083333331,92.49555416666666,67.8872875,0.48280640458216195,0.33712696812757265,0.35033535580608677,103,p2,v7,source1,data-videos\VIPL\VIPL\p1-5\p2\v7\source1\video.avi
119.58342499999999,94.21609166666666,69.71049166666667,0.6314250811381182,0.4789047600529648,0.6489884868061555,103,p2,v7,source1,data-videos\VIPL\VIPL\p1-5\p2\v7\source1\video.avi
120.94352500000001,94.70775833333335,70.14044166666666,1.724661177896015,1.080838092350098,0.8119195315817255,103,p2,v7,source1,data-videos\VIPL\VIPL\p1-5\p2\v7\source1\video.avi
121.09902916666665,94.15007916666666,69.70774583333333,0.9619217142291555,0.9366990918171711,0.6914673852475702,103,p2,v7,source1,data-videos\VIPL\VIPL\p1-5\p2\v7\source1\video.avi
119.94440833333333,93.06569166666668,69.09190833333334,0.6495166804322432,0.46225453497415103,0.6170188252069166,103,p2,v7,source1,data-videos\VIPL\VIPL\p1-5\p2\v7\source1\video.avi
121.263625,94.13250833333333,70.28082500000001,0.681076897605101,0.6272330184860868,0.4151491897582644,102,p2,v7,source1,data-videos\VIPL\VIPL\p1-5\p2\v7\source1\video.avi
106.72607916666668,94.77809166666668,82.47617916666667,0.26482658417821403,0.2906471597286531,0.5713714234859738,72,p3,v1,source1,data-videos\VIPL\VIPL\p1-5\p3\v1\source1\video.avi
107.45220416666668,94.87685416666667,82.14268750000001,0.3205097322040317,0.2802904789752357,0.3775872657137246,72,p3,v1,source1,data-videos\VIPL\VIPL\p1-5\p3\v1\source1\video.avi
106.92855416666669,93.88675416666666,80.78088333333334,0.20867593978995788,0.24534179262476474,0.3070123944521163,72,p3,v1,source1,data-videos\VIPL\VIPL\p1-5\p3\v1\source1\video.avi
106.92595416666667,94.79675416666667,82.40361666666666,0.21469478028251057,0.5360128957170723,0.9051091542905499,72,p3,v1,source1,data-videos\VIPL\VIPL\p1-5\p3\v1\source1\video.avi
106.835275,94.914175,82.661425,0.509553501341287,0.8133931303368418,1.1975269749194464,74,p3,v1,source1,data-videos\VIPL\VIPL\p1-5\p3\v1\source1\video.avi
105.43352083333333,93.46330416666667,80.7227125,0.3833002136960582,0.26284878534688483,0.4399047832186075,74,p3,v1,source1,data-videos\VIPL\VIPL\p1-5\p3\v1\source1\video.avi
106.7109125,95.17467916666666,82.47285416666668,1.2072647880528198,1.1436475811460074,0.8766414375726527,74,p3,v1,source1,data-videos\VIPL\VIPL\p1-5\p3\v1\source1\video.avi
107.83574999999999,95.38820416666665,82.28804166666667,0.2888978217101833,0.4672692271324978,0.6152290957665909,75,p3,v1,source1,data-videos\VIPL\VIPL\p1-5\p3\v1\source1\video.avi
108.04040416666665,95.12043750000001,81.89769583333333,0.15759685987688699,0.396644479202654,0.5906627422685191,75,p3,v1,source1,data-videos\VIPL\VIPL\p1-5\p3\v1\source1\video.avi
107.76043333333332,95.60005,82.66707500000001,0.11704155423039521,0.15558807884210682,0.42551558485135194,75,p3,v1,source1,data-videos\VIPL\VIPL\p1-5\p3\v1\source1\video.avi
107.27665833333333,95.19630833333332,82.7434625,0.848290319452243,1.1778334929219023,1.2378245422778131,75,p3,v1,source1,data-videos\VIPL\VIPL\p1-5\p3\v1\source1\video.avi
103.46399583333334,90.70312916666667,78.02678750000001,0.9550742485316704,0.8484699886249498,0.6773056293290584,75,p3,v1,source1,data-videos\VIPL\VIPL\p1-5\p3\v1\source1\video.avi
102.88895416666666,90.87208749999999,78.93164583333333,0.7514906583704518,1.0251521150168945,1.092873991653175,75,p3,v1,source1,data-videos\VIPL\VIPL\p1-5\p3\v1\source1\video.avi
103.83992499999998,92.20460833333333,80.5915625,0.22526156578705023,0.36647937484597903,0.5007265771204106,76,p3,v1,source1,data-videos\VIPL\VIPL\p1-5\p3\v1\source1\video.avi
103.32410416666667,91.47515416666667,79.87071666666667,0.28054830986243123,0.30845784242835456,0.5811475599096046,76,p3,v1,source1,data-videos\VIPL\VIPL\p1-5\p3\v1\source1\video.avi
101.083075,87.32595833333333,73.87332500000001,6.994990082698375,7.836895440919811,9.132204578066554,76,p3,v1,source1,data-videos\VIPL\VIPL\p1-5\p3\v1\source1\video.avi
83.6076625,68.67979583333333,54.34239583333333,8.727192110709048,6.182185293277505,4.530740208487523,76,p3,v1,source1,data-videos\VIPL\VIPL\p1-5\p3\v1\source1\video.avi
89.82531666666665,75.87138333333333,62.82878333333334,1.8654227634384033,1.6609345445306634,1.5103738746007196,76,p3,v1,source1,data-videos\VIPL\VIPL\p1-5\p3\v1\source1\video.avi
95.61020833333333,81.582475,68.11839166666667,0.7463152888804209,0.5519955286151446,0.5440001261233506,76,p3,v1,source1,data-videos\VIPL\VIPL\p1-5\p3\v1\source1\video.avi
94.15643333333334,80.31676666666667,66.99056666666667,0.40344962842170384,0.6248615662522115,0.6912790248326728,76,p3,v1,source1,data-videos\VIPL\VIPL\p1-5\p3\v1\source1\video.avi
93.69327083333333,79.66820416666667,66.35613749999999,0.20031917890581474,0.28787394201812483,0.5253791925243142,76,p3,v1,source1,data-videos\VIPL\VIPL\p1-5\p3\v1\source1\video.avi
93.71988333333334,80.3469,67.56881666666666,0.18939081873792785,0.2073569396395171,0.3604461197984752,76,p3,v1,source1,data-videos\VIPL\VIPL\p1-5\p3\v1\source1\video.avi
94.27008333333333,81.08703333333334,68.31955,0.12271327805543777,0.2426651662613868,0.3268158124659477,76,p3,v1,source1,data-videos\VIPL\VIPL\p1-5\p3\v1\source1\video.avi
94.32832916666668,81.3305625,68.30834166666668,0.16279849315948855,0.2613012675640051,0.4286797226579027,76,p3,v1,source1,data-videos\VIPL\VIPL\p1-5\p3\v1\source1\video.avi
94.83686250000001,82.0946625,69.01058333333333,0.24012806609182558,0.19727112107030137,0.3006906243342155,76,p3,v1,source1,data-videos\VIPL\VIPL\p1-5\p3\v1\source1\video.avi
94.73367916666666,81.72537916666666,68.70067916666666,0.2598286857479377,0.4627337902722495,0.5625801919072431,76,p3,v1,source1,data-videos\VIPL\VIPL\p1-5\p3\v1\source1\video.avi
94.72842083333333,81.5670875,68.61707083333333,0.2135695300520816,0.23720022103933974,0.4050437651250389,74,p3,v1,source1,data-videos\VIPL\VIPL\p1-5\p3\v1\source1\video.avi
95.74965416666666,82.56427083333334,69.85911666666667,0.7527438256924162,0.6159076360509216,0.5076010949869435,73,p3,v1,source1,data-videos\VIPL\VIPL\p1-5\p3\v1\source1\video.avi
96.33488749999998,82.6521375,69.2088125,0.2517553719221651,0.3306484043386071,0.461052863623637,72,p3,v1,source1,data-videos\VIPL\VIPL\p1-5\p3\v1\source1\video.avi
96.00139583333333,82.42189583333332,69.414575,0.2927474262150846,0.09534633506910915,0.36031241979858414,71,p3,v1,source1,data-videos\VIPL\VIPL\p1-5\p3\v1\source1\video.avi
96.31525416666665,77.7431875,59.18237083333334,6.624400156746374,5.060017927288318,3.582165704904763,76,p3,v2,source1,data-videos\VIPL\VIPL\p1-5\p3\v2\source1\video.avi
97.2689375,78.56937083333334,59.84510416666667,10.71694475849331,8.068576314427231,6.051444407323805,76,p3,v2,source1,data-videos\VIPL\VIPL\p1-5\p3\v2\source1\video.avi
81.31726250000001,66.90447916666666,51.17639583333334,18.250943640475484,13.76387878251465,9.75306729423279,76,p3,v2,source1,data-videos\VIPL\VIPL\p1-5\p3\v2\source1\video.avi
95.17542083333333,78.06325416666667,59.35917083333333,12.042840145116655,9.294862067950348,6.8831489490841165,77,p3,v2,source1,data-videos\VIPL\VIPL\p1-5\p3\v2\source1\video.avi
121.48586666666667,99.3477125,73.70829166666667,22.431593329539485,18.20208391923905,11.906586874681604,77,p3,v2,source1,data-videos\VIPL\VIPL\p1-5\p3\v2\source1\video.avi
143.12120000000002,116.88852916666667,85.13941249999999,5.275212508400463,4.791747768817268,1.6576347565151215,77,p3,v2,source1,data-videos\VIPL\VIPL\p1-5\p3\v2\source1\video.avi
104.5846125,85.71159583333333,64.7430625,16.36484031780291,13.138853122306703,9.469895884230182,77,p3,v2,source1,data-videos\VIPL\VIPL\p1-5\p3\v2\source1\video.avi
94.07021249999998,76.94334583333334,58.38507916666667,12.136610022886904,9.549451934549845,6.698411372689631,76,p3,v2,source1,data-videos\VIPL\VIPL\p1-5\p3\v2\source1\video.avi
91.75775833333333,75.07710833333333,57.12609166666666,21.10322840035711,16.42636723754339,11.612737510918777,75,p3,v2,source1,data-videos\VIPL\VIPL\p1-5\p3\v2\source1\video.avi
77.64699166666666,64.196375,49.46114166666666,18.235259073382203,14.040812008393056,9.877993893092826,74,p3,v2,source1,data-videos\VIPL\VIPL\p1-5\p3\v2\source1\video.avi
96.31066249999999,78.54527916666667,59.334629166666666,12.89774849782953,10.118243998257006,7.185225292952623,73,p3,v2,source1,data-videos\VIPL\VIPL\p1-5\p3\v2\source1\video.avi
72.8327625,60.89072916666668,46.725645833333346,15.206980625889564,12.300148892574995,8.381271859798321,72,p3,v2,source1,data-videos\VIPL\VIPL\p1-5\p3\v2\source1\video.avi
103.1675375,86.04730416666668,65.5875375,9.802029577335773,8.95473712853015,7.3763401624792335,72,p3,v2,source1,data-videos\VIPL\VIPL\p1-5\p3\v2\source1\video.avi
85.52927500000001,76.61298333333335,64.15709583333334,5.352352497244268,7.3340752544842,8.645771397083374,72,p3,v2,source1,data-videos\VIPL\VIPL\p1-5\p3\v2\source1\video.avi
102.012125,83.62935833333333,62.65485833333332,4.848337145405716,4.035258127013926,3.004456532172712,72,p3,v2,source1,data-videos\VIPL\VIPL\p1-5\p3\v2\source1\video.avi
88.66460833333335,76.41985416666667,60.90844166666667,6.266177778697003,4.854435554337423,5.8091156574620575,72,p3,v2,source1,data-videos\VIPL\VIPL\p1-5\p3\v2\source1\video.avi
85.50773749999999,71.84682916666667,55.4324125,5.129213302617663,4.118849035236597,4.197052446058457,72,p3,v2,source1,data-videos\VIPL\VIPL\p1-5\p3\v2\source1\video.avi
86.37296666666666,71.63076666666666,54.04876666666666,4.710212790914486,3.8055760768647837,2.8286671674424104,72,p3,v2,source1,data-videos\VIPL\VIPL\p1-5\p3\v2\source1\video.avi
76.421075,65.19067083333333,51.317408333333326,4.885968072179874,4.08820111544338,4.06650762531817,72,p3,v2,source1,data-videos\VIPL\VIPL\p1-5\p3\v2\source1\video.avi
107.61968749999998,87.71680416666666,65.56825416666668,6.410426444852254,4.9324177063023,3.6341821510982517,71,p3,v2,source1,data-videos\VIPL\VIPL\p1-5\p3\v2\source1\video.avi
106.2359625,94.57243333333334,78.73855416666666,6.773931377854002,9.408853799445515,12.580689051506456,71,p3,v2,source1,data-videos\VIPL\VIPL\p1-5\p3\v2\source1\video.avi
108.07359166666667,90.61398333333335,69.55292916666666,10.84860908219728,7.8118423446682135,6.485531577330846,72,p3,v2,source1,data-videos\VIPL\VIPL\p1-5\p3\v2\source1\video.avi
111.43234166666667,91.10621666666668,68.0189625,11.383719224758007,8.945799508296554,6.206812575800168,72,p3,v2,source1,data-videos\VIPL\VIPL\p1-5\p3\v2\source1\video.avi
98.5525125,81.20222916666667,61.18017916666667,3.880557078099597,3.2654860414348037,2.2010185133503795,73,p3,v2,source1,data-videos\VIPL\VIPL\p1-5\p3\v2\source1\video.avi
96.15073749999999,79.3546875,59.899837500000004,5.419922995231215,4.4178105427145065,3.0015580364042234,73,p3,v2,source1,data-videos\VIPL\VIPL\p1-5\p3\v2\source1\video.avi
84.71737916666667,69.97629583333334,53.591862500000005,2.652844803238487,2.215358098263499,1.6034118446863723,73,p3,v2,source1,data-videos\VIPL\VIPL\p1-5\p3\v2\source1\video.avi
106.6902875,91.97605416666667,77.46523333333333,2.091025640958482,1.6135149794220818,1.1168906341317,83,p3,v3,source1,data-videos\VIPL\VIPL\p1-5\p3\v3\source1\video.avi
108.52891666666666,92.96179166666667,77.85323333333332,0.6214612540438693,0.6888135488176188,0.6728053303664024,82,p3,v3,source1,data-videos\VIPL\VIPL\p1-5\p3\v3\source1\video.avi
109.51718333333332,94.55119583333335,80.08679166666667,0.397966767657454,0.44970940860460124,0.5051930547517892,81,p3,v3,source1,data-videos\VIPL\VIPL\p1-5\p3\v3\source1\video.avi
108.91507083333332,93.98890416666667,79.4763375,0.38217453895984005,0.4211693338113027,0.43092759957606536,81,p3,v3,source1,data-videos\VIPL\VIPL\p1-5\p3\v3\source1\video.avi
109.29074583333332,94.66072083333334,80.12397916666667,0.3760816122366259,0.37128973075842847,0.41443556935407144,80,p3,v3,source1,data-videos\VIPL\VIPL\p1-5\p3\v3\source1\video.avi
109.4793375,94.5965875,79.9440375,0.6870094663396414,0.7029589941563292,0.8561763392281805,79,p3,v3,source1,data-videos\VIPL\VIPL\p1-5\p3\v3\source1\video.avi
111.026725,96.02592083333333,81.0159375,0.4034978240251805,0.31303573894072645,0.3157798794915008,79,p3,v3,source1,data-videos\VIPL\VIPL\p1-5\p3\v3\source1\video.avi
110.53552083333332,95.75512083333334,80.81194583333333,1.156748501397823,1.2205912753064259,1.1220809949845674,79,p3,v3,source1,data-videos\VIPL\VIPL\p1-5\p3\v3\source1\video.avi
108.97004583333336,94.07381666666666,79.49495416666666,0.568971954615418,0.744556276835405,0.8102691029322711,80,p3,v3,source1,data-videos\VIPL\VIPL\p1-5\p3\v3\source1\video.avi
110.49288750000001,95.87055416666668,81.3687375,0.7403553966161179,0.7481434049996337,0.8280824482359159,80,p3,v3,source1,data-videos\VIPL\VIPL\p1-5\p3\v3\source1\video.avi
111.28777083333334,96.55922500000001,82.03172083333332,0.38904772673870813,0.42147453532047624,0.4971962170302251,82,p3,v3,source1,data-videos\VIPL\VIPL\p1-5\p3\v3\source1\video.avi
112.15924583333333,97.77970416666665,83.80687083333333,0.6481574969620072,0.7191419659962449,0.773012983935802,82,p3,v3,source1,data-videos\VIPL\VIPL\p1-5\p3\v3\source1\video.avi
112.12211666666666,97.48992083333333,82.61332916666666,1.010687663280963,1.1184074845325067,1.2422385649811347,82,p3,v3,source1,data-videos\VIPL\VIPL\p1-5\p3\v3\source1\video.avi
112.39185000000002,97.73010833333332,82.64868333333332,0.7538023264037231,0.6187567588575857,0.5277725976463608,82,p3,v3,source1,data-videos\VIPL\VIPL\p1-5\p3\v3\source1\video.avi
111.22419166666664,97.520275,83.173925,0.4009997470299157,0.3256476784595749,0.3544961490936415,82,p3,v3,source1,data-videos\VIPL\VIPL\p1-5\p3\v3\source1\video.avi
111.5881875,97.77592083333333,83.55330416666668,0.3884127891710922,0.3682487208150823,0.3741349380107099,83,p3,v3,source1,data-videos\VIPL\VIPL\p1-5\p3\v3\source1\video.avi
111.20143750000001,97.06230833333333,82.97491249999999,0.436911535787472,0.4094122360927922,0.3745182260343884,84,p3,v3,source1,data-videos\VIPL\VIPL\p1-5\p3\v3\source1\video.avi
111.74292083333334,98.46043333333333,85.004925,0.7696511556921969,1.2078981402655378,1.4033424471200497,84,p3,v3,source1,data-videos\VIPL\VIPL\p1-5\p3\v3\source1\video.avi
113.138125,100.22609583333335,86.93297499999998,0.2665912751500156,0.347823473197173,0.4790154363524088,82,p3,v3,source1,data-videos\VIPL\VIPL\p1-5\p3\v3\source1\video.avi
115.70749583333333,102.545525,88.55347916666666,1.3286164023853906,1.1473937384532251,0.8512002346156413,82,p3,v3,source1,data-videos\VIPL\VIPL\p1-5\p3\v3\source1\video.avi
191.30130833333334,135.1092625,100.80424583333335,1.5110451962594895,1.1775869508619217,0.7245595946130544,80,p3,v4,source1,data-videos\VIPL\VIPL\p1-5\p3\v4\source1\video.avi
193.17940000000002,136.70120416666666,102.29627083333332,3.754584959849644,2.77819349076303,1.894612917856032,80,p3,v4,source1,data-videos\VIPL\VIPL\p1-5\p3\v4\source1\video.avi
190.70489999999998,134.69557916666668,100.5832125,0.9326739925924477,0.843892156789993,0.8194462993811402,80,p3,v4,source1,data-videos\VIPL\VIPL\p1-5\p3\v4\source1\video.avi
186.94188333333335,131.2492625,97.33271250000001,3.6904982154250616,3.232839245018524,2.267889023095351,80,p3,v4,source1,data-videos\VIPL\VIPL\p1-5\p3\v4\source1\video.avi
183.45495833333334,128.16751666666667,95.43111666666665,0.31872521826323047,0.388973963799493,0.3436466884146185,79,p3,v4,source1,data-videos\VIPL\VIPL\p1-5\p3\v4\source1\video.avi
183.7466375,128.4851708333333,96.04722083333334,1.5071669530644967,1.2656211172368432,0.9055615237895522,79,p3,v4,source1,data-videos\VIPL\VIPL\p1-5\p3\v4\source1\video.avi
188.4784875,132.2076375,98.8379375,1.2346744781295382,1.0445373970753236,0.808812029649385,78,p3,v4,source1,data-videos\VIPL\VIPL\p1-5\p3\v4\source1\video.avi
189.78544583333337,133.30443333333332,99.88011666666665,0.7180503959410592,0.61385961207212,0.4939669638638695,79,p3,v4,source1,data-videos\VIPL\VIPL\p1-5\p3\v4\source1\video.avi
191.50723333333332,134.81751666666668,101.0881,1.2116503061853994,1.0798191185172057,1.0125051784332597,79,p3,v4,source1,data-videos\VIPL\VIPL\p1-5\p3\v4\source1\video.avi
191.42955,134.918125,101.26194166666666,0.8280370486419145,0.6621977389617941,0.5688347226885073,80,p3,v4,source1,data-videos\VIPL\VIPL\p1-5\p3\v4\source1\video.avi
191.316675,134.97692083333334,101.03730416666666,0.6753174060313335,0.6188658506022665,0.2647491775509205,81,p3,v4,source1,data-videos\VIPL\VIPL\p1-5\p3\v4\source1\video.avi
193.1013625,136.47697916666667,102.13204583333332,0.33448713322288764,0.2373437826878021,0.2805512073232896,82,p3,v4,source1,data-videos\VIPL\VIPL\p1-5\p3\v4\source1\video.avi
196.80843333333334,139.41465416666665,104.9911875,8.02365723446704,6.407042770034287,4.662251436161832,83,p3,v4,source1,data-videos\VIPL\VIPL\p1-5\p3\v4\source1\video.avi
220.59122083333335,157.53156666666666,117.91066666666666,1.3478280118063015,0.7957963208452477,0.8183021776783043,83,p3,v4,source1,data-videos\VIPL\VIPL\p1-5\p3\v4\source1\video.avi
216.21322916666668,154.23684583333332,114.89319583333334,0.7310764080516627,0.5298174685026473,0.5160710080475586,82,p3,v4,source1,data-videos\VIPL\VIPL\p1-5\p3\v4\source1\video.avi
211.04058333333333,150.41547500000001,111.63549166666668,2.4952665003935155,1.8779769675160622,1.4547828596921841,82,p3,v4,source1,data-videos\VIPL\VIPL\p1-5\p3\v4\source1\video.avi
204.2501166666667,145.14992916666665,108.29986250000002,1.754036664402844,1.28108149526094,0.5792985961248489,81,p3,v4,source1,data-videos\VIPL\VIPL\p1-5\p3\v4\source1\video.avi
201.63602916666667,143.29369166666666,107.44979166666666,0.5036105570376014,0.7179164037289132,0.3998041176192148,81,p3,v4,source1,data-videos\VIPL\VIPL\p1-5\p3\v4\source1\video.avi
202.40981249999996,143.98855416666666,108.35985416666668,0.46093286767917035,0.3533931323709409,0.45805139529223954,80,p3,v4,source1,data-videos\VIPL\VIPL\p1-5\p3\v4\source1\video.avi
203.82706250000004,145.14221250000003,109.88501250000002,0.9222307628034943,0.8883040158350154,0.5333465715479426,80,p3,v4,source1,data-videos\VIPL\VIPL\p1-5\p3\v4\source1\video.avi
201.75995416666666,143.43305833333335,108.15089166666665,0.602143261204416,0.34787183328897703,0.34199756217657884,78,p3,v4,source1,data-videos\VIPL\VIPL\p1-5\p3\v4\source1\video.avi
208.67572916666668,148.95815833333333,112.24360833333333,3.4814093333276075,2.8443211019515613,2.108689801855976,78,p3,v4,source1,data-videos\VIPL\VIPL\p1-5\p3\v4\source1\video.avi
214.30704583333332,153.60370833333332,115.36140833333334,0.5587661699748229,0.33446765201294787,0.2422470618873549,78,p3,v4,source1,data-videos\VIPL\VIPL\p1-5\p3\v4\source1\video.avi
216.82151666666664,155.38364583333333,116.20719583333336,1.2090509241641663,0.7341470863828602,0.4547073176475429,77,p3,v4,source1,data-videos\VIPL\VIPL\p1-5\p3\v4\source1\video.avi
217.7565166666667,155.9050875,116.16472083333333,0.43607060550570564,0.449434662899157,0.5052116973427535,77,p3,v4,source1,data-videos\VIPL\VIPL\p1-5\p3\v4\source1\video.avi
102.19702916666665,81.96220416666667,67.9062875,3.8077370102191996,14.360435063690524,22.210566631256686,77,p3,v5,source1,data-videos\VIPL\VIPL\p1-5\p3\v5\source1\video.avi
107.81485833333332,104.3303708333333,102.63444583333334,0.7970246688857872,2.2232164711291618,3.4960208593078033,80,p3,v5,source1,data-videos\VIPL\VIPL\p1-5\p3\v5\source1\video.avi
108.53019999999998,106.69992916666666,106.22257083333334,0.2947726612248087,0.6982133521880056,1.1085354451212996,80,p3,v5,source1,data-videos\VIPL\VIPL\p1-5\p3\v5\source1\video.avi
109.30377499999999,108.16868749999999,108.043625,0.404102242803587,2.801573600941631,5.240387551435115,81,p3,v5,source1,data-videos\VIPL\VIPL\p1-5\p3\v5\source1\video.avi
115.33594583333334,80.68140416666667,55.68105416666667,7.274481826114642,9.555456502060892,11.694222428596062,81,p3,v5,source1,data-videos\VIPL\VIPL\p1-5\p3\v5\source1\video.avi
109.373925,73.002375,46.45417499999999,5.411993320340458,3.9602667437211365,3.3929003551892087,81,p3,v5,source1,data-videos\VIPL\VIPL\p1-5\p3\v5\source1\video.avi
128.74880416666667,85.19821666666667,54.833425,15.76416536740867,11.483785619204465,9.65255897913936,81,p3,v5,source1,data-videos\VIPL\VIPL\p1-5\p3\v5\source1\video.avi
140.24600416666667,95.61643333333333,65.63824583333333,1.9686506905905143,2.979738939831577,6.140660858651308,81,p3,v5,source1,data-videos\VIPL\VIPL\p1-5\p3\v5\source1\video.avi
142.93947916666664,113.73921666666666,93.47709166666665,4.531002672847827,7.446728386858144,9.809252998158168,81,p3,v5,source1,data-videos\VIPL\VIPL\p1-5\p3\v5\source1\video.avi
122.798025,85.20212500000001,59.44477500000001,2.7621181703314197,3.452878471466275,3.971557349248283,83,p3,v5,source1,data-videos\VIPL\VIPL\p1-5\p3\v5\source1\video.avi
120.13297083333333,82.46774166666665,56.44597083333334,1.4441500477260734,1.9524997927603391,2.398645411404691,84,p3,v5,source1,data-videos\VIPL\VIPL\p1-5\p3\v5\source1\video.avi
119.45763333333332,78.9372625,50.71801250000001,0.5591998271029278,1.1642559746076984,2.0896668836985453,85,p3,v5,source1,data-videos\VIPL\VIPL\p1-5\p3\v5\source1\video.avi
172.35709583333337,116.62144583333333,87.4085125,1.092175227565764,0.6432071182590932,0.6106544847595446,84,p3,v6,source1,data-videos\VIPL\VIPL\p1-5\p3\v6\source1\video.avi
169.769225,114.84452499999999,86.06774166666668,0.34450190125059665,0.3863903276642664,0.30863459342229455,81,p3,v6,source1,data-videos\VIPL\VIPL\p1-5\p3\v6\source1\video.avi
170.33842500000003,115.51415833333333,86.10665833333333,0.3102959850981877,0.3553739935304463,0.24563087341012818,79,p3,v6,source1,data-videos\VIPL\VIPL\p1-5\p3\v6\source1\video.avi
171.15017083333328,116.13350833333334,86.25839166666667,0.7618730350899852,0.49796152841833347,0.5598108862536129,79,p3,v6,source1,data-videos\VIPL\VIPL\p1-5\p3\v6\source1\video.avi
173.62444583333337,117.85283333333332,88.12898333333332,0.9268683508789727,0.7779468297803384,0.7253573498388763,79,p3,v6,source1,data-videos\VIPL\VIPL\p1-5\p3\v6\source1\video.avi
165.67163333333335,114.67150833333335,86.288625,7.705457481648515,4.102484256914239,2.998529745193883,79,p3,v6,source1,data-videos\VIPL\VIPL\p1-5\p3\v6\source1\video.avi
149.92277083333335,105.66300416666667,79.48040416666667,2.5264726876258616,1.8211141273003122,1.345989789125667,79,p3,v6,source1,data-videos\VIPL\VIPL\p1-5\p3\v6\source1\video.avi
147.01931249999998,103.6306625,78.04944583333334,0.34350409765265716,0.1613368679666177,0.2902768818898982,79,p3,v6,source1,data-videos\VIPL\VIPL\p1-5\p3\v6\source1\video.avi
143.23113333333333,100.63443333333333,75.6557625,0.8974782162901106,0.7227714702170536,0.5737373105290032,80,p3,v6,source1,data-videos\VIPL\VIPL\p1-5\p3\v6\source1\video.avi
137.68445833333334,96.64785833333333,72.81127500000001,2.307179728097285,1.505122336378435,1.0943658886130008,81,p3,v6,source1,data-videos\VIPL\VIPL\p1-5\p3\v6\source1\video.avi
136.77746666666667,96.2739,72.56231666666666,0.21563957221290966,0.2715428224235046,0.3093866864796125,81,p3,v6,source1,data-videos\VIPL\VIPL\p1-5\p3\v6\source1\video.avi
137.69200416666664,97.27912083333335,73.34079583333333,0.2763044115594626,0.3263438669775926,0.22357904681255647,82,p3,v6,source1,data-videos\VIPL\VIPL\p1-5\p3\v6\source1\video.avi
135.13225833333334,95.87162916666666,72.52225833333333,1.102040900931717,0.5758958622586768,0.556928324482704,82,p3,v6,source1,data-videos\VIPL\VIPL\p1-5\p3\v6\source1\video.avi
134.69964166666668,95.7590875,72.50119166666667,0.4204555483341845,0.290281944002533,0.37028953348847365,82,p3,v6,source1,data-videos\VIPL\VIPL\p1-5\p3\v6\source1\video.avi
137.59939583333332,97.57644583333332,73.36202083333333,1.1711586258529312,0.6751894585709097,0.5392625180448346,82,p3,v6,source1,data-videos\VIPL\VIPL\p1-5\p3\v6\source1\video.avi
137.84007499999998,97.985975,73.8550375,0.5960849261360873,0.39677664669321394,0.30315541926405776,82,p3,v6,source1,data-videos\VIPL\VIPL\p1-5\p3\v6\source1\video.avi
142.61308333333332,100.85668333333334,75.61387083333334,1.2622075255969631,0.8260772999250072,0.6535438586989064,82,p3,v6,source1,data-videos\VIPL\VIPL\p1-5\p3\v6\source1\video.avi
142.1365375,100.49668750000001,75.47096666666667,0.6906991496644695,0.5497538574848237,0.3806731251732477,82,p3,v6,source1,data-videos\VIPL\VIPL\p1-5\p3\v6\source1\video.avi
142.59645833333335,100.75094166666666,75.78209166666666,0.3026462198260517,0.29264024783474113,0.2941607883029277,82,p3,v6,source1,data-videos\VIPL\VIPL\p1-5\p3\v6\source1\video.avi
141.98497500000002,100.39224166666666,75.52409166666666,0.39355012594578714,0.32724508224596277,0.26915725364087884,81,p3,v6,source1,data-videos\VIPL\VIPL\p1-5\p3\v6\source1\video.avi
144.106525,101.73344166666666,76.493375,1.2650235319369207,0.7828646822150819,0.7191726335934389,80,p3,v6,source1,data-videos\VIPL\VIPL\p1-5\p3\v6\source1\video.avi
141.76077916666665,100.13712916666667,75.3147125,1.7020895456128988,1.1579933625343495,0.8091812553825625,80,p3,v6,source1,data-videos\VIPL\VIPL\p1-5\p3\v6\source1\video.avi
139.98454166666667,98.95134166666666,74.38759166666667,0.23996446677060518,0.22021032662295564,0.2602729892317125,80,p3,v6,source1,data-videos\VIPL\VIPL\p1-5\p3\v6\source1\video.avi
141.27754583333333,99.62327916666668,74.73854583333333,0.29914231139254976,0.2273382592788647,0.23354471727118506,79,p3,v6,source1,data-videos\VIPL\VIPL\p1-5\p3\v6\source1\video.avi
138.69025833333333,97.835675,73.62310833333333,1.7438515465056053,1.1627933116828832,0.7034833961161487,79,p3,v6,source1,data-videos\VIPL\VIPL\p1-5\p3\v6\source1\video.avi
136.65837916666666,96.4756625,72.78189583333334,0.28318177944269796,0.26912221137018494,0.26733309629561325,78,p3,v6,source1,data-videos\VIPL\VIPL\p1-5\p3\v6\source1\video.avi
135.39945833333334,95.68855833333335,72.553025,0.9243706037195422,0.5764800025140611,0.5204214166783481,78,p3,v6,source1,data-videos\VIPL\VIPL\p1-5\p3\v6\source1\video.avi
134.82273333333333,95.08331666666665,71.56683333333334,0.3588238494450373,0.34973106443459745,0.3469421806816106,77,p3,v6,source1,data-videos\VIPL\VIPL\p1-5\p3\v6\source1\video.avi
135.98095,95.88095,72.2445,1.2881049297994356,0.923348011183727,0.7818202813031551,76,p3,v6,source1,data-videos\VIPL\VIPL\p1-5\p3\v6\source1\video.avi
145.84984583333332,148.192225,145.35954166666667,0.19760097656008557,0.23923766890316758,0.2946484207327083,76,p3,v7,source1,data-videos\VIPL\VIPL\p1-5\p3\v7\source1\video.avi
145.86772916666666,148.31255,145.44439999999997,0.48675380480593416,0.5822348847687406,0.6340047080748795,76,p3,v7,source1,data-videos\VIPL\VIPL\p1-5\p3\v7\source1\video.avi
144.89440416666665,147.11055833333333,144.0919,0.2375996967649132,0.3324286863269399,0.37392743289232483,76,p3,v7,source1,data-videos\VIPL\VIPL\p1-5\p3\v7\source1\video.avi
144.96999583333334,147.3326625,144.39270833333333,0.1609169457748312,0.17430413006278794,0.20190949997599208,76,p3,v7,source1,data-videos\VIPL\VIPL\p1-5\p3\v7\source1\video.avi
145.1343791666667,147.50232916666667,144.33565000000002,0.13724988451219436,0.06251574718287863,0.15447420417967714,77,p3,v7,source1,data-videos\VIPL\VIPL\p1-5\p3\v7\source1\video.avi
144.86942499999998,147.33372083333333,144.37723333333332,0.15218743046998207,0.17650646608395104,0.2728001486003792,77,p3,v7,source1,data-videos\VIPL\VIPL\p1-5\p3\v7\source1\video.avi
145.62700833333335,148.0353583333333,145.23127916666667,0.23705080605806444,0.14126093885863097,0.19647460280812823,78,p3,v7,source1,data-videos\VIPL\VIPL\p1-5\p3\v7\source1\video.avi
145.46583333333334,147.56091666666666,144.631575,0.23365155569601342,0.3087984723533762,0.3810297352332792,79,p3,v7,source1,data-videos\VIPL\VIPL\p1-5\p3\v7\source1\video.avi
145.08355833333334,147.39748333333333,144.44162500000002,0.4078363032431724,0.34958958039710064,0.5225293859692353,80,p3,v7,source1,data-videos\VIPL\VIPL\p1-5\p3\v7\source1\video.avi
145.6098625,148.43623333333332,145.77685416666668,0.19092722108175056,0.2099975026306505,0.3012225638728148,82,p3,v7,source1,data-videos\VIPL\VIPL\p1-5\p3\v7\source1\video.avi
145.63337916666669,147.94602916666668,145.0482166666667,0.19687291021818898,0.18872459661648786,0.24545988640373512,82,p3,v7,source1,data-videos\VIPL\VIPL\p1-5\p3\v7\source1\video.avi
144.6738,147.14525833333332,144.05967083333334,0.5297777599433126,0.5465987128432939,0.5839153411157102,82,p3,v7,source1,data-videos\VIPL\VIPL\p1-5\p3\v7\source1\video.avi
136.6037875,136.1637875,131.24846666666667,3.0481483433081973,4.197015868290298,4.930448345936146,84,p3,v7,source1,data-videos\VIPL\VIPL\p1-5\p3\v7\source1\video.avi
134.0818708333333,133.30264583333334,128.23849166666668,0.2105256039786048,0.37241272281047333,0.579284967024723,84,p3,v7,source1,data-videos\VIPL\VIPL\p1-5\p3\v7\source1\video.avi
134.90949166666667,134.762925,130.1279,0.205663379397013,0.26954460199617614,0.37576225270182845,84,p3,v7,source1,data-videos\VIPL\VIPL\p1-5\p3\v7\source1\video.avi
134.65732083333333,134.3146125,129.72504583333333,0.28994653560086425,0.35323731684787835,0.40878776698612385,84,p3,v7,source1,data-videos\VIPL\VIPL\p1-5\p3\v7\source1\video.avi
133.82052083333332,133.34112083333335,128.79126250000002,0.25066953054104024,0.2649568021657268,0.2682537817508105,84,p3,v7,source1,data-videos\VIPL\VIPL\p1-5\p3\v7\source1\video.avi
164.03532083333332,128.83210416666668,95.8530875,1.2192572651316824,0.8298172379732197,0.7497674164134351,74,p4,v1,source1,data-videos\VIPL\VIPL\p1-5\p4\v1\source1\video.avi
162.68389583333334,127.78142916666665,95.33592916666665,0.5697360103835598,0.5168111084386182,0.26787595258294783,73,p4,v1,source1,data-videos\VIPL\VIPL\p1-5\p4\v1\source1\video.avi
161.79613750000001,127.3104875,94.92350416666666,0.5189166456894725,0.2979402608955373,0.3068402982755588,72,p4,v1,source1,data-videos\VIPL\VIPL\p1-5\p4\v1\source1\video.avi
160.5761791666667,126.52842916666668,94.45424583333332,0.7121375855332778,0.6286923673884552,0.24830474926377089,72,p4,v1,source1,data-videos\VIPL\VIPL\p1-5\p4\v1\source1\video.avi
160.73846666666665,126.84899999999999,94.99223333333333,0.6009465446970593,0.5670001224769602,0.45337974838980133,72,p4,v1,source1,data-videos\VIPL\VIPL\p1-5\p4\v1\source1\video.avi
161.92410416666667,128.0106375,95.51610416666666,2.9116914191134473,2.362415576886648,1.856069278520247,73,p4,v1,source1,data-videos\VIPL\VIPL\p1-5\p4\v1\source1\video.avi
179.46641250000002,142.02590416666666,106.62587083333334,2.1925815608800305,1.9414805648296143,1.6278700591826534,73,p4,v1,source1,data-videos\VIPL\VIPL\p1-5\p4\v1\source1\video.avi
168.86596666666665,133.33827083333333,100.36687083333332,5.833501303051912,4.781051458023728,4.0298716988597585,74,p4,v1,source1,data-videos\VIPL\VIPL\p1-5\p4\v1\source1\video.avi
164.6942875,129.264225,96.43820833333331,1.0608119792299564,0.5756002943485781,0.4476337003482873,74,p4,v1,source1,data-videos\VIPL\VIPL\p1-5\p4\v1\source1\video.avi
168.3911291666667,131.42357916666668,97.89807916666666,1.5026137233029437,0.898692288210426,0.6698206189180619,75,p4,v1,source1,data-videos\VIPL\VIPL\p1-5\p4\v1\source1\video.avi
172.92524166666666,134.46684166666665,100.650775,1.6268859605320778,1.299320775323592,1.279614958458098,75,p4,v1,source1,data-videos\VIPL\VIPL\p1-5\p4\v1\source1\video.avi
170.37707083333333,132.36620416666668,99.35070416666667,3.3625661798165156,2.62824543538952,2.016854168771327,74,p4,v1,source1,data-videos\VIPL\VIPL\p1-5\p4\v1\source1\video.avi
174.14652500000003,135.89605833333334,101.63449166666668,3.1045603262523787,2.261784054479388,2.034942870973285,74,p4,v1,source1,data-videos\VIPL\VIPL\p1-5\p4\v1\source1\video.avi
166.29687916666666,129.87632083333335,95.54282083333335,2.1449294241983052,1.6886169808208906,1.887108199291533,74,p4,v1,source1,data-videos\VIPL\VIPL\p1-5\p4\v1\source1\video.avi
162.3289125,127.08717916666666,93.11717916666666,0.897164554052721,0.6790993965407002,0.5907012494284973,75,p4,v1,source1,data-videos\VIPL\VIPL\p1-5\p4\v1\source1\video.avi
160.70825000000002,125.95576666666668,92.10860000000001,0.8916825913686987,0.707439631601957,0.4898392044844912,75,p4,v1,source1,data-videos\VIPL\VIPL\p1-5\p4\v1\source1\video.avi
161.67545833333332,126.70397500000001,92.62495833333334,0.6294318673966619,0.4114708243673612,0.4399443817436209,75,p4,v1,source1,data-videos\VIPL\VIPL\p1-5\p4\v1\source1\video.avi
159.46025833333334,125.10389166666666,91.659225,0.4471709500975122,0.3146715589308956,0.28736530371250063,76,p4,v1,source1,data-videos\VIPL\VIPL\p1-5\p4\v1\source1\video.avi
159.86639583333334,125.51169583333335,91.84142916666666,0.3123119712100565,0.24657780550298242,0.34375371149511647,77,p4,v1,source1,data-videos\VIPL\VIPL\p1-5\p4\v1\source1\video.avi
159.68569999999997,125.79641666666666,92.57971666666667,0.22387427399224868,0.41937534152991557,1.0273955236827412,77,p4,v1,source1,data-videos\VIPL\VIPL\p1-5\p4\v1\source1\video.avi
157.25994583333332,125.68746249999998,94.23836250000001,0.933084734433021,0.3970168030571541,0.22878693258320856,78,p4,v1,source1,data-videos\VIPL\VIPL\p1-5\p4\v1\source1\video.avi
154.44377083333336,123.36572083333333,92.29542083333334,0.522260385813704,0.9274626634630945,1.1784744793617474,78,p4,v1,source1,data-videos\VIPL\VIPL\p1-5\p4\v1\source1\video.avi
155.32133333333334,123.87171666666666,91.63993333333332,0.7256625743932237,0.6158951755710269,0.7878102281799847,78,p4,v1,source1,data-videos\VIPL\VIPL\p1-5\p4\v1\source1\video.avi
153.52963333333332,123.31735,93.18891666666667,0.9400892314695464,0.5736591825364034,0.3267853658706616,78,p4,v1,source1,data-videos\VIPL\VIPL\p1-5\p4\v1\source1\video.avi
150.33856666666668,120.86569999999998,90.54615,1.6352310038667166,1.3977874966775377,1.7657320320262675,77,p4,v1,source1,data-videos\VIPL\VIPL\p1-5\p4\v1\source1\video.avi
157.7374125,125.99014583333336,94.32601249999999,4.588068385701657,3.216901393907653,2.1549760668141236,77,p4,v1,source1,data-videos\VIPL\VIPL\p1-5\p4\v1\source1\video.avi
161.15345,127.95280000000001,94.94548333333334,0.47644512472581557,0.5449927929569306,0.6882909218673439,74,p4,v1,source1,data-videos\VIPL\VIPL\p1-5\p4\v1\source1\video.avi
160.4309,127.10843333333334,93.82924999999999,0.3879051274689063,0.43333502451593037,0.37939515093837967,74,p4,v1,source1,data-videos\VIPL\VIPL\p1-5\p4\v1\source1\video.avi
118.80629583333334,96.62472916666665,73.5387625,36.87115885678005,27.16493769298423,18.13533285494993,73,p4,v1,source1,data-videos\VIPL\VIPL\p1-5\p4\v1\source1\video.avi
145.63388750000001,117.71139166666667,89.36552499999999,19.8831248539582,14.172117763352567,9.28584940672687,72,p4,v1,source1,data-videos\VIPL\VIPL\p1-5\p4\v1\source1\video.avi
151.70281666666668,120.9142625,90.71972916666665,8.51636292625767,5.82521266495434,3.652060294184792,72,p4,v1,source1,data-videos\VIPL\VIPL\p1-5\p4\v1\source1\video.avi
162.90704166666666,128.72400833333336,95.78955833333332,1.3335333629252486,1.063536607529593,0.7494520575245476,72,p4,v1,source1,data-videos\VIPL\VIPL\p1-5\p4\v1\source1\video.avi
162.41152916666667,127.98767916666668,95.16079583333334,0.9651022244179084,0.3406728566279619,0.3836996821426729,72,p4,v1,source1,data-videos\VIPL\VIPL\p1-5\p4\v1\source1\video.avi
